PLAYER_NAME,TEAM_ABBREVIATION,AGE,GP,W,L,MIN,PTS,REB,AST,STL,BLK,FG_PCT,FG3_PCT,FT_PCT,PLUS_MINUS,NBA_FANTASY_POINTS,DD2,TD3
A.J. Lawson,TOR,24.0,26,14,12,486.41,236.0,86,31,13,6,0.421,0.327,0.683,-17,427.7,2,0
AJ Green,MIL,25.0,73,44,29,1659.1416666666669,541.0,174,108,37,7,0.429,0.427,0.815,227,1003.8,0,0
AJ Johnson,WAS,20.0,29,8,21,638.3866666666667,220.0,59,76,12,3,0.385,0.267,0.865,-152,414.8,0,0
Aaron Gordon,DEN,29.0,51,33,18,1446.7166666666667,748.0,247,164,23,14,0.531,0.436,0.81,301,1328.4,3,0
Aaron Holiday,HOU,28.0,62,39,23,792.2466666666667,340.0,78,83,19,11,0.437,0.398,0.829,88,611.1,0,0
Aaron Nesmith,IND,25.0,45,29,16,1121.618333333333,541.0,178,54,35,17,0.507,0.431,0.913,198,954.6,0,0
Aaron Wiggins,OKC,26.0,76,62,14,1743.9,914.0,295,134,60,18,0.488,0.383,0.831,514,1634.0,2,0
Adam Flagler,OKC,25.0,37,34,3,202.965,65.0,27,12,8,3,0.26,0.194,0.5,7,144.4,0,0
Adama Sanogo,CHX,23.0,4,2,2,21.49833333333333,8.0,6,1,0,0,0.571,0.0,0.0,-5,15.7,0,0
Adem Bona,PHI,22.0,58,12,46,904.55,337.0,245,27,26,69,0.703,0.0,0.67,-112,895.5,3,0
Ajay Mitchell,OKC,23.0,36,31,5,596.955,234.0,68,64,25,4,0.495,0.383,0.829,127,469.6,1,0
Al Horford,BOS,39.0,60,44,16,1658.5733333333333,490.93897637795277,369,128,36,51,0.423,0.363,0.895,397,1387.8,7,0
Alec Burks,MIA,33.0,49,26,23,863.4966666666667,356.0,124,55,28,7,0.424,0.425,0.776,110,663.3,0,0
Alex Caruso,OKC,31.0,54,44,10,1040.635,490.93897637795277,159,137,87,30,0.446,0.353,0.824,321,1092.3,0,0
Alex Ducas,EI,24.0,21,20,1,125.34166666666668,36.0,26,5,5,0,0.4,0.476,1.0,-22,85.7,0,0
Alex Len,LAL,32.0,46,21,25,379.79,74.0,95,38,9,21,0.508,0.222,0.471,-153,315.0,0,0
Alex Reese,PHI,26.0,15,4,11,216.04666666666665,76.0,47,4,10,10,0.481,0.366,0.75,19,192.4,0,0
Alex Sarr,WAS,20.0,67,13,54,1814.2283333333328,869.0,435,161,44,101,0.394,0.308,0.679,-546,1953.5,10,0
Alondes Williams,LAC,26.0,1,0,1,3.716666666666667,5.0,0,1,0,0,1.0,1.0,0.0,6,6.5,0,0
Alperen Sengun,HOU,22.0,76,52,24,2394.9766666666665,1451.0,786,372,84,61,0.496,0.233,0.692,410,3193.2,45,4
Amen Thompson,HOU,22.0,69,43,26,2225.415,970.0,564,265,97,89,0.557,0.275,0.684,268,2464.3,21,3
Amir Coffey,LAC,28.0,72,41,31,1046.0548102743724,696.0,161,77,40,7,0.471,0.409,0.891,-66,1100.7,0,0
Andre Drummond,PHI,31.0,40,12,28,750.6333333333333,293.0,310,34,39,18,0.5,0.15,0.622,-245,832.0,5,0
Andre Jackson Jr.,MIL,23.0,67,39,28,980.0916666666668,230.0,182,83,34,14,0.477,0.395,0.5,-33,658.9,0,0
Andrew Nembhard,IND,25.0,65,44,21,1880.67,653.0,216,326,79,11,0.458,0.291,0.794,204,1559.2,2,0
Andrew Wiggins,MIA,30.0,60,27,33,1842.2816666666668,1078.0,269,158,60,50,0.448,0.374,0.763,-100,1868.8,3,0
Anfernee Simons,POR,26.0,70,28,42,2291.898333333333,1348.0,189,337,60,5,0.426,0.363,0.902,-220,2132.3,2,0
Anthony Black,ORL,21.0,78,39,39,1886.993333333333,736.0,230,240,86,48,0.44781420765027324,0.318,0.761,-40,1635.0,1,0
Anthony Davis,DAL,32.0,51,30,21,1705.4883333333332,1261.0,590,181,59,110,0.516,0.282,0.775,25,2634.5,36,1
Anthony Edwards,MIN,23.0,79,48,31,2871.0583333333334,2177.0,450,359,91,51,0.447,0.395,0.837,291,3432.5,7,0
Anthony Gill,WAS,32.0,51,7,44,397.575,129.0,66,16,9,2,0.489,0.323,0.66,-73,255.2,0,0
Anton Watson,NYK,24.0,9,5,4,22.166666666666668,8.0,3,2,1,0,0.444,0.0,0.0,-9,15.6,0,0
Antonio Reeves,NOP,24.0,44,6,38,659.5583333333333,305.0,63,39,21,4,0.456,0.395,0.8,-150,484.1,0,0
Ariel Hukporti,NYK,23.0,25,17,8,217.365,48.0,51,11,1,15,0.677,0.0,0.462,-63,152.7,0,0
Armel Traore,LAL,22.0,9,5,4,66.66666666666667,14.0,15,1,4,2,0.316,0.0,0.286,-49,48.5,0,0
Ausar Thompson,DET,22.0,59,34,25,1327.715,594.0,303,134,98,40,0.535,0.224,0.641,67,1492.6,3,0
Austin Reaves,LAL,27.0,73,46,27,2550.0916666666667,490.93897637795277,329,421,81,22,0.46,0.377,0.877,195,2633.3,9,1
Ayo Dosunmu,CHI,25.0,46,17,29,1393.8833333333334,566.0,161,208,43,18,0.492,0.328,0.785,-234,1185.2,1,1
Bam Adebayo,MIA,27.0,78,36,42,2673.693333333333,1410.0,749,337,98,53,0.485,0.357,0.765,27,3106.3,38,1
Baylor Scheierman,BOS,24.0,31,27,4,383.8883333333333,113.0,65,33,17,2,0.355,0.317,0.75,29,285.5,0,0
Ben Sheppard,IND,23.0,63,40,23,1229.5583333333334,332.0,177,85,38,14,0.418,0.342,0.889,-59,805.9,0,0
Ben Simmons,LC,28.0,51,26,25,1119.6933333333334,256.0,241,285,38,23,0.52,0.0,0.727,-56,1053.7,1,0
Bennedict Mathurin,IND,23.0,72,43,29,2149.318333333333,1156.0,383,136,47,24,0.458,0.34,0.831,94,1897.6,8,0
Bilal Coulibaly,EI,20.0,10,13,46,1947.506666666667,727.0,294,199,78,41,0.421,0.281,0.746,-587,1610.3,3,1
Bismack Biyombo,SAS,32.0,28,10,18,527.4866666666667,144.0,158,31,16,23,0.588,0.0,0.4,-100,470.1,3,0
Blake Wesley,SAS,22.0,58,23,35,683.1066666666667,217.0,61,114,37,6,0.435,0.293,0.623,-9,536.2,0,0
Bobby Portis,MIL,30.0,49,30,19,1046.0548102743724,490.93897637795277,411,104,35,26,0.466,0.365,0.836,95,1455.2,11,0
Bobi Klintman,DET,22.0,8,4,4,42.38166666666667,15.0,7,7,2,1,0.6,0.4,0.5,0,41.9,0,0
Bogdan Bogdanovi?,LAC,32.0,54,33,21,1347.6583333333333,583.0,159,146,41,11,0.427,0.363,0.879,106,1074.8,1,0
Bol Bol,XHX,25.0,36,10,26,448.48333333333335,244.0,104,22,9,25,0.525,0.344,0.769,-37,483.8,1,0
Bones Hyland,MIN,24.0,24,11,13,238.77,149.0,25,32,18,4,0.398,0.39,0.885,-31,268.0,0,0
Bradley Beal,PHX,32.0,53,22,31,1702.1916666666666,902.0,177,195,58,28,0.497,0.386,0.803,-273,1565.9,1,0
Branden Carlson,OKC,26.0,32,29,3,246.4033333333333,122.0,54,14,5,21,0.443,0.333,0.778,41,278.8,1,0
Brandin Podziemski,GSW,22.0,64,38,26,1716.3483333333334,490.93897637795277,325,220,69,13,0.445,0.372,0.758,261,1638.0,2,0
Brandon Boston,NOP,23.0,42,8,34,992.78,448.0,134,92,53,9,0.436,0.35,0.788,-140,880.8,0,0
Brandon Clarke,MEM,28.0,64,40,24,1206.861666666667,534.0,326,66,52,36,0.621,0.059,0.701,181,1247.2,2,0
Brandon Ingram,TOR,27.0,18,5,13,595.0316666666666,400.0,100,93,16,11,0.465,0.374,0.855,-128,671.5,0,0
Brandon Miller,CHA,22.0,27,8,19,923.565,568.0,131,98,29,20,0.403,0.355,0.861,-124,943.2,2,0
Brandon Williams,DAL,25.0,33,15,18,487.13,275.0,58,76,24,5,0.521,0.4,0.833,10,506.6,0,0
Braxton Key,GSW,28.0,3,3,0,10.825,3.0,2,0,2,0,0.44781420765027324,0.0,0.5,-8,10.4,0,0
Brice Sensabaugh,UTA,21.0,71,14,57,1431.9216666666666,490.93897637795277,210,110,46,8,0.459,0.422,0.89,-285,1244.0,0,0
Bronny James,LAL,20.0,27,17,10,181.2433333333333,62.0,18,22,9,3,0.313,0.281,0.786,-71,139.6,0,0
Brook Lopez,MIL,37.0,80,47,33,2546.07,1041.0,401,143,50,148,0.509,0.373,0.826,134,2246.7,4,0
Bruce Brown,NOP,26.257194244604317,41,15,26,921.53,340.0,164,84,34,10,0.421,0.333,0.815,-226,755.8,0,0
Bruno Fernando,TOR,26.0,17,2,15,146.58,58.0,51,18,4,9,0.531,0.0,0.75,-22,171.2,0,0
Bryce McGowens,POR,22.0,13,8,5,32.016666666666666,13.0,3,2,1,0,0.286,0.0,0.833,-4,18.6,0,0
Bub Carrington,WAX,19.0,82,18,64,2457.79,807.0,341,364,54,21,0.401,0.339,0.812,-798,1846.2,5,0
Buddy Hield,GSW,32.0,82,48,34,1862.9883333333328,912.0,264,134,69,23,0.417,0.37,0.828,141,1614.8,0,0
CJ McCollum,NOP,33.0,56,17,39,1831.6783333333333,490.93897637795277,212,227,46,24,0.444,0.373,0.717,-279,1881.9,0,0
Cade Cunningham,DET,23.0,70,38,32,2451.9466666666667,1830.0,425,638,71,53,0.469,0.356,0.846,175,3360.0,31,9
Caleb Houstan,ORL,22.0,58,29,29,787.99,490.93897637795277,75,35,22,6,0.44781420765027324,0.4,0.882,-66,452.5,0,0
Caleb Martin,DAL,29.0,10,17,28,1218.0166666666669,356.0,177,95,46,23,0.424,0.359,0.622,-155,861.9,1,0
Cam Christie,LAC,19.0,13,10,3,58.64833333333333,18.0,12,6,5,1,0.292,0.154,0.5,-10,57.4,0,0
Cam Reddish,LAL,25.0,33,15,18,589.45,105.0,66,22,33,10,0.44781420765027324,0.277,0.615,-91,334.2,0,0
Cam Spencer,MEM,25.0,25,14,11,252.2433333333333,106.0,30,34,9,1,0.415,0.365,1.0,40,217.0,0,0
Cam Thomas,BKN,23.0,25,8,17,781.1566666666666,599.0,83,94,15,2,0.438,0.349,0.881,-92,828.6,1,0
Cam Whitmore,HOU,26.257194244604317,51,30,21,826.585,477.0,151,49,31,13,0.444,0.355,0.75,-1,817.7,2,0
Cameron Johnson,BKN,29.0,57,21,36,1799.763333333333,1070.0,247,194,53,25,0.475,0.39,0.893,-200,1792.4,2,0
Cameron Payne,NYK,30.0,72,46,26,1089.9766666666667,490.93897637795277,104,203,39,16,0.401,0.363,0.907,204,1042.3,0,0
Caris LeVert,ATL,30.0,64,46,18,1596.1066666666666,776.0,203,215,57,33,0.467,0.373,0.71,258,1536.1,1,0
Cason Wallace,OKC,21.0,68,55,13,1876.26,568.0,229,173,120,35,0.474,0.356,0.811,369,1508.3,0,0
Charles Bassey,SAS,24.0,36,14,22,375.515,157.0,152,17,14,30,0.581,0.0,0.636,-129,473.9,2,0
Chet Holmgren,OKC,23.0,32,26,6,876.54,490.93897637795277,257,63,23,71,0.49,0.379,0.754,294,1107.9,11,0
Chris Boucher,TOR,32.0,50,18,32,862.3,502.0,224,33,24,25,0.492,0.363,0.782,5,938.3,3,0
Chris Duarte,CHI,26.257194244604317,17,4,13,74.46833333333333,36.0,20,9,0,0,0.462,0.4,0.75,12,72.5,0,0
Chris Livingston,MIL,21.0,21,15,6,105.81,30.0,35,5,5,0,0.333,0.0,0.75,-29,88.5,0,0
Chris Paul,AS,40.0,82,34,48,2292.1633333333334,723.0,296,605,103,22,0.427,0.377,0.924,4,2231.7,12,0
Christian Braun,DEN,24.0,79,48,31,2675.383333333333,1218.0,410,205,85,37,0.58,0.397,0.827,480,2302.5,6,0
Christian Koloko,LAL,25.0,37,23,14,341.53,90.0,92,16,8,16,0.606,0.0,0.714,-7,284.4,0,0
Chuma Okeke,CLE,26.0,9,2,7,196.68,53.0,47,15,5,4,0.5,0.393,0.667,-28,155.9,1,0
Clint Capela,ATL,31.0,55,27,28,1176.4333333333334,488.0,469,62,34,53,0.559,0.0,0.536,-79,1357.8,11,0
Coby White,CHI,25.0,74,35,39,2450.2566666666667,1509.0,273,330,69,16,0.453,0.37,0.902,-141,2409.6,2,0
Cody Martin,PHX,29.0,53,16,37,1173.2066666666667,358.0,224,105,56,32,0.418,0.285,0.705,-105,997.3,0,0
Cody Williams,UTA,20.0,50,9,41,1059.611666666667,230.0,113,59,23,16,0.323,0.259,0.725,-339,527.1,0,0
Colby Jones,WAS,23.0,39,12,27,514.6483333333333,157.0,87,44,26,13,0.457,0.327,0.657,-112,421.4,1,0
Cole Anthony,MEM,25.0,67,35,32,1234.1133333333332,630.0,204,191,45,32,0.424,0.353,0.823,-16,1289.3,0,0
Cole Swider,IND,26.0,10,5,5,169.5,59.0,27,3,4,2,0.349,0.319,0.0,54,109.9,0,0
Colin Castleton,TOR,25.0,26,15,11,431.99,123.0,122,28,8,10,0.469,0.125,0.763,-30,342.4,0,0
Collin Gillespie,PHX,26.257194244604317,33,12,21,461.2183333333333,490.93897637795277,78,78,21,5,0.43,0.433,0.864,-29,465.6,1,0
Collin Sexton,UTA,26.0,63,14,49,1757.76,1159.0,171,264,47,6,0.48,0.406,0.865,-286,1759.2,2,0
Corey Kispert,WAS,26.0,61,14,47,1601.5233333333333,705.0,181,103,26,14,0.451,0.364,0.852,-274,1132.7,0,0
Cory Joseph,ORL,33.0,50,26,24,611.7333333333333,490.93897637795277,74,72,26,4,0.403,0.364,0.778,35,445.8,0,0
Craig Porter Jr.,CLE,25.0,51,40,11,513.265,188.0,67,71,17,15,0.514,0.438,0.719,-45,432.9,0,0
Cui Cui,BKN,22.0,5,2,3,10.318333333333332,3.0,2,0,0,0,0.44781420765027324,0.0,0.5,2,5.4,0,0
D'Angelo Russell,BKN,29.0,58,26,32,1480.4183333333333,732.0,162,297,56,23,0.39,0.314,0.834,0,1500.9,4,0
D.J. Carton,TOR,24.0,4,1,3,33.38666666666666,3.0,4,3,2,0,0.143,0.0,1.0,12,14.3,0,0
DaQuan Jeffries,CHA,27.0,47,9,38,1071.506666666667,315.0,135,53,26,25,0.44781420765027324,0.335,0.8,-276,674.5,0,0
Daeqwon Plowden,ATL,26.0,6,3,3,71.55,43.0,11,2,0,0,0.64,0.529,1.0,29,55.2,0,0
Daishen Nix,MIN,23.0,3,3,0,13.233333333333333,1.0,4,3,0,0,0.0,0.0,0.5,9,6.3,0,0
Dalano Banton,POR,25.0,67,28,39,1119.945,559.0,135,160,43,34,0.391,0.324,0.728,-55,1106.0,0,0
Dalen Terry,CHI,22.0,73,33,40,987.1783333333332,326.0,124,97,44,15,0.448,0.356,0.71,-172,744.3,0,0
Dalton Knecht,EI,26.257194244604317,78,47,31,1493.795,706.0,216,66,24,8,0.461,0.376,0.762,-73,1123.2,0,0
Damian Lillard,MIL,34.0,58,32,26,2092.87,1447.0,272,410,70,10,0.448,0.376,0.921,53,2466.4,14,2
Damion Baugh,CHA,24.0,15,1,14,370.4883333333333,109.0,50,56,15,2,0.323,0.214,0.867,-169,273.0,0,0
Damion Lee,PHX,32.0,25,6,19,144.01833333333337,83.0,20,11,6,0,0.365,0.243,0.952,25,131.5,0,0
Daniel Gafford,DAL,26.0,57,28,29,1226.095,701.0,388,80,23,102,0.702,0.0,0.689,35,1595.6,8,0
Daniel Theis,NOP,33.0,38,10,28,621.2416666666667,162.0,164,60,18,20,0.473,0.243,0.838,-61,537.8,1,0
Daniss Jenkins,DET,23.0,7,3,4,22.74833333333333,7.0,2,3,0,0,0.3,0.143,0.0,-9,12.9,0,0
Danté Exum,DAL,29.0,20,7,13,372.31,174.0,33,56,12,3,0.478,0.434,0.742,-48,320.6,0,0
Dario Šari?,DEN,31.0,16,7,9,210.38333333333333,56.0,50,23,7,1,0.362,0.269,0.7,-49,159.5,1,0
Dariq Whitehead,BKN,20.0,20,6,14,246.0783333333333,114.0,29,12,6,1,0.406,0.446,0.6,-64,172.8,0,0
Darius Garland,CLE,25.0,75,60,15,2300.77,1544.0,214,506,91,11,0.472,0.401,0.878,499,2676.8,7,0
David Duke Jr.,SAS,25.0,6,0,6,33.71666666666667,16.0,5,4,1,0,0.429,0.5,0.5,28,29.0,0,0
David Roddy,HOU,24.0,33,9,24,409.7533333333333,153.0,84,35,14,9,0.456,0.311,0.769,-76,353.3,0,0
Davion Mitchell,MIA,26.0,74,25,49,2027.3133333333333,588.0,167,363,72,16,0.468,0.398,0.69,-3,1468.9,1,0
Day'Ron Sharpe,BKN,23.0,50,14,36,907.4583333333334,397.0,330,91,41,42,0.521,0.244,0.757,64,1115.5,4,0
De'Aaron Fox,SAS,27.0,62,27,35,2241.1366666666668,1459.0,298,392,91,25,0.463,0.31,0.827,-69,2578.6,9,0
De'Andre Hunter,CLE,27.0,64,38,26,1740.015,1088.0,258,92,50,13,0.47,0.405,0.846,88,1642.6,2,0
De'Anthony Melton,BKN,27.0,6,4,2,120.98333333333332,62.0,20,17,7,2,0.407,0.371,0.625,27,128.5,1,0
DeAndre Jordan,DEN,36.0,56,37,19,690.7016666666667,209.0,284,53,16,27,0.65,0.0,0.422,-47,718.3,3,0
DeMar DeRozan,SAC,26.257194244604317,77,38,39,2767.615,1710.0,298,342,62,32,0.477,0.328,0.857,110,2757.6,3,0
Dean Wade,CLE,28.0,59,47,12,1252.4516666666666,490.93897637795277,249,76,42,20,0.413,0.36,0.533,284,896.8,1,0
Deandre Ayton,POR,26.0,40,17,23,1205.62,490.93897637795277,406,64,31,39,0.566,0.188,0.667,-162,1300.2,20,0
Dejounte Murray,NOP,26.257194244604317,31,9,22,1012.1483333333332,542.0,200,228,63,12,0.393,0.299,0.823,-207,1243.0,8,1
Delon Wright,NYK,33.0,40,22,18,634.4966666666667,125.0,66,77,35,12,0.344,0.274,0.6,1,438.7,0,0
Deni Avdija,POR,24.0,72,33,39,2161.148333333333,1219.0,522,281,71,35,0.476,0.365,0.78,-78,2388.9,17,2
Dennis Schröder,DET,31.0,75,37,38,2104.778333333333,980.0,198,404,66,12,0.406,0.342,0.838,-72,1915.6,7,0
Dereck Lively II,DAL,21.0,10,21,15,832.7366666666667,314.0,270,85,20,56,0.702,0.0,0.63,121,952.5,8,0
Derrick Jones Jr.,LAC,28.0,77,48,29,1873.388333333333,781.0,263,60,79,33,0.526,0.356,0.703,249,1456.6,0,0
Derrick White,EI,30.0,76,58,18,2573.615,1248.0,341,361,72,80,0.442,0.384,0.839,540,2523.7,4,0
Desmond Bane,ORL,27.0,69,38,31,2205.225,1327.0,418,369,80,28,0.484,0.392,0.894,143,2537.1,10,1
Devin Booker,PHX,28.0,75,35,40,2794.9666666666667,1923.0,305,529,67,16,0.461,0.332,0.894,-177,3111.5,16,0
Devin Carter,SAC,23.0,36,18,18,395.9433333333333,138.0,76,41,21,4,0.44781420765027324,0.295,0.591,43,347.7,0,0
Devin Vassell,SAS,24.0,64,24,40,1983.185,1041.0,255,183,84,33,0.443,0.368,0.792,-262,1884.5,2,0
Dillon Brooks,HOU,29.0,75,49,26,2388.2616666666668,1053.0,275,128,60,16,0.429,0.397,0.818,207,1727.0,0,0
Dillon Jones,OKC,23.0,54,45,9,551.4933333333333,135.0,121,58,16,4,0.383,0.254,0.607,75,399.2,1,0
Domantas Sabonis,SAC,29.0,70,36,34,2428.8766666666666,1337.0,972,423,48,26,0.59,0.417,0.754,144,3157.9,61,10
Dominick Barlow,ATL,22.0,35,13,22,374.9983333333333,148.0,85,19,9,16,0.531,0.259,0.636,-2,348.5,1,0
Donovan Clingan,POR,21.0,67,29,38,1323.6433333333334,436.0,527,77,34,110,0.539,0.286,0.596,-2,1543.9,8,0
Donovan Mitchell,CLE,28.0,71,55,16,2232.0333333333333,1701.0,322,354,95,17,0.443,0.368,0.823,522,2805.4,6,0
Donte DiVincenzo,MIN,28.0,62,37,25,1605.7333333333331,723.0,228,225,73,17,0.422,0.397,0.778,174,1505.1,1,0
Dorian Finney-Smith,LAL,32.0,63,36,27,1818.6783333333333,490.93897637795277,247,90,58,23,0.448,0.411,0.667,309,1167.4,0,0
Doug McDermott,SAC,33.0,42,21,21,341.65166666666664,490.93897637795277,22,7,4,2,0.427,0.436,0.6,27,195.9,0,0
Draymond Green,GSW,35.0,68,42,26,1983.3066666666664,613.0,414,383,99,70,0.424,0.325,0.687,275,2017.3,6,1
Drew Eubanks,LAC,28.0,61,25,36,746.01,280.0,226,54,12,39,0.593,0.5,0.662,-126,744.2,0,0
Drew Peterson,BOS,25.0,25,17,8,186.14666666666668,54.0,40,13,5,2,0.415,0.394,0.778,46,134.5,0,0
Drew Timme,BKN,24.0,9,3,6,253.87833333333333,109.0,65,20,4,1,0.441,0.257,0.625,-66,217.0,3,0
Dru Smith,MIA,27.0,10,8,6,268.205,87.0,36,23,21,6,0.508,0.533,0.75,38,228.7,0,0
Duncan Robinson,MIA,31.0,74,30,44,1785.595,817.0,167,176,40,6,0.437,0.393,0.887,66,1333.4,0,0
Duop Reath,OR,29.0,46,19,27,469.4266666666667,490.93897637795277,92,26,12,14,0.422,0.321,0.909,-55,405.4,0,0
Dwight Powell,DAL,33.0,55,25,30,550.86,114.0,118,55,18,21,0.689,0.4,0.651,-14,437.1,0,0
Dyson Daniels,ATL,22.0,76,37,39,2571.17,1073.0,449,333,229,55,0.493,0.34,0.593,-65,2808.3,9,0
E.J. Liddell,CHI,24.0,12,6,6,1046.0548102743724,21.0,9,3,1,1,0.533,0.3,1.0,-8,40.3,0,0
Elfrid Payton,NOP,31.0,24,3,21,510.805,85.0,79,166,24,11,0.328,0.167,0.571,-149,474.8,2,0
Elijah Harkless,UTA,25.0,10,1,9,138.0,32.0,21,8,10,1,0.314,0.28,0.5,31,99.2,0,0
Emanuel Miller,CHI,25.0,6,4,2,24.73333333333333,10.0,8,2,1,0,0.5,0.0,1.0,-8,25.6,0,0
Emoni Bates,CLE,21.0,10,9,1,74.78333333333333,37.0,7,8,1,1,0.342,0.367,0.0,-34,61.4,0,0
Enrique Freeman,IND,24.0,22,7,15,181.205,490.93897637795277,30,9,3,3,0.432,0.1,0.684,-19,107.5,0,0
Eric Gordon,PHI,36.0,39,12,27,768.4916666666667,266.0,46,65,26,12,0.426,0.409,0.75,-72,504.7,0,0
Evan Mobley,CLE,24.0,71,58,13,2166.555,1316.0,659,226,61,113,0.557,0.37,0.725,546,2822.8,37,0
Franz Wagner,ORL,23.0,60,33,27,2023.3066666666664,1449.0,342,284,75,21,0.44781420765027324,0.295,0.871,247,2435.4,3,0
Fred VanVleet,HOU,31.0,60,41,19,2111.298333333333,844.0,221,333,94,25,0.378,0.345,0.81,264,1878.7,4,0
GG Jackson,MEM,20.0,29,19,10,458.615,490.93897637795277,92,29,12,5,0.372,0.337,0.725,-68,382.9,0,0
Gabe Vincent,LAL,29.0,72,46,26,1527.265,460.0,92,98,51,13,0.4,0.353,0.714,48,868.4,0,0
Garrett Temple,TOR,39.0,28,11,17,226.7683333333333,53.0,29,31,17,2,0.3,0.214,0.917,-28,181.3,0,0
Garrison Mathews,ATL,28.0,47,21,26,829.5083333333333,353.0,87,60,26,15,0.44781420765027324,0.39,0.821,-60,639.4,0,0
Gary Harris,ORL,30.0,48,28,20,710.71,145.0,64,30,26,12,0.383,0.356,0.583,86,363.8,0,0
Gary Payton II,GSW,32.0,62,36,26,927.1766666666666,490.93897637795277,185,83,52,17,0.574,0.326,0.711,45,914.5,0,0
Gary Trent Jr.,MIL,26.0,74,44,30,1893.395,824.0,168,87,72,4,0.431,0.416,0.848,70,1342.1,0,0
Georges Niang,ATL,32.0,79,55,24,1697.2333333333331,784.0,272,111,28,14,0.461,0.406,0.793,194,1320.9,1,0
Giannis Antetokounmpo,MIL,30.0,67,40,27,2288.63,2036.0,798,433,58,78,0.44781420765027324,0.222,0.617,334,3845.1,55,11
Goga Bitadze,ORL,25.0,70,38,32,1429.4616666666666,502.0,463,137,49,98,0.611,0.107,0.639,80,1632.1,15,0
Gradey Dick,TOR,21.0,54,15,39,1587.3733333333332,777.0,193,98,48,10,0.41,0.35,0.858,-210,1246.6,0,0
Grant Williams,CHA,26.0,16,6,10,479.025,166.0,82,37,18,13,0.439,0.365,0.838,10,384.9,0,0
Grayson Allen,HX,29.0,64,29,35,1543.705,680.0,194,137,54,19,0.448,0.426,0.816,-79,1262.3,1,0
Guerschon Yabusele,PHI,29.0,70,23,47,1894.736666666667,768.0,395,148,58,24,0.501,0.38,0.725,-118,1623.0,3,0
Gui Santos,GSW,23.0,56,36,20,761.5233333333333,227.0,172,80,25,10,0.458,0.33,0.69,165,616.4,0,0
Harrison Barnes,SAS,33.0,82,34,48,2230.063333333333,1011.0,310,136,39,14,0.508,0.433,0.809,-25,1696.0,1,0
Harrison Ingram,SAS,22.0,5,0,5,34.75,4.0,9,3,3,0,0.5,0.0,0.0,30,27.3,0,0
Haywood Highsmith,MIA,28.0,74,35,39,1818.3266666666664,478.0,252,112,68,37,0.44781420765027324,0.382,0.721,61,1209.4,0,0
Herbert Jones,NOP,26.0,20,5,15,648.1316666666667,205.0,78,65,37,9,0.436,0.306,0.825,-20,499.1,0,0
Hunter Tyson,DEN,25.0,51,30,21,399.935,134.0,78,20,10,6,0.375,0.311,0.75,-98,291.6,0,0
Immanuel Quickley,TOR,26.0,33,12,21,917.7533333333332,564.0,117,191,23,4,0.42,0.378,0.867,-39,1013.9,2,0
Isaac Jones,SAC,24.0,40,19,21,303.86333333333334,134.0,57,12,5,10,0.651,0.375,0.639,-64,249.4,0,0
Isaac Okoro,CLE,24.0,55,44,11,1053.2033333333334,337.0,130,68,32,16,0.464,0.371,0.717,253,716.0,0,0
Isaiah Collier,UTA,20.0,71,14,57,1839.1066666666663,615.0,235,446,66,16,0.422,0.249,0.682,-403,1604.0,11,0
Isaiah Crawford,SAC,23.0,15,7,8,45.66666666666666,13.0,8,1,1,2,0.455,0.2,0.5,23,32.1,0,0
Isaiah Hartenstein,OKC,27.0,57,49,8,1589.6416666666669,637.0,611,219,47,62,0.581,0.0,0.675,417,1929.7,28,0
Isaiah Jackson,IND,23.0,5,1,4,83.88,35.0,28,5,3,8,0.609,0.0,0.5,10,104.1,0,0
Isaiah Joe,OKC,25.0,74,63,11,1603.9766666666667,756.0,196,119,48,9,0.44,0.412,0.821,550,1302.7,0,0
Isaiah Mobley,PHI,25.0,1,0,1,17.366666666666667,6.0,4,5,1,1,0.286,0.333,0.5,-6,24.3,0,0
Isaiah Stevens,MIA,24.0,3,3,0,5.55,0.0,2,0,1,0,0.0,0.0,0.0,4,5.4,0,0
Isaiah Stewart,DET,24.0,72,38,34,1433.8483333333334,435.0,399,123,28,101,0.559,0.321,0.759,9,1417.3,2,0
Isaiah Wong,CHA,24.0,20,2,18,265.50333333333333,120.0,32,28,11,0,0.44781420765027324,0.394,0.735,-6,215.4,0,0
Ivica Zubac,LAC,28.0,80,50,30,2624.1766666666667,1340.0,1010,214,55,90,0.628,0.0,0.661,514,3181.0,59,1
JD Davison,BOS,22.0,16,13,3,92.915,33.0,13,13,5,1,0.353,0.222,0.714,-28,73.1,0,0
JT Thor,WAS,22.0,20,10,10,249.31666666666663,71.0,48,6,8,9,0.424,0.286,0.682,-96,179.6,0,0
Ja Morant,MEM,25.0,50,30,20,1519.11,1159.0,205,364,61,12,0.454,0.309,0.824,226,1985.0,13,1
Ja'Kobe Walter,TOR,20.0,52,19,33,1103.235,449.0,160,81,43,10,0.405,0.349,0.795,-83,871.5,1,0
Jabari Smith Jr.,HOU,22.0,57,40,17,1715.5783333333334,698.0,399,60,25,41,0.438,0.354,0.825,250,1403.8,8,0
Jabari Walker,POR,22.0,60,23,37,749.165,313.0,211,37,33,6,0.515,0.389,0.69,15,704.7,1,0
Jack McVeigh,HOU,29.0,9,5,4,43.25,14.0,5,1,0,2,0.294,0.308,0.0,-10,25.5,0,0
Jackson Rowe,GSW,28.0,6,4,2,51.73166666666667,22.0,11,4,4,0,0.471,0.3,0.5,23,52.2,0,0
Jacob Toppin,ATL,26.257194244604317,17,13,4,75.15,23.0,15,6,2,0,0.409,0.5,0.0,-25,53.0,0,0
Jaden Hardy,DAL,22.0,57,30,27,907.4383333333334,496.0,89,81,28,5,0.435,0.386,0.698,-65,741.3,0,0
Jaden Ivey,DET,26.257194244604317,30,14,16,898.0333333333333,528.0,124,119,28,11,0.46,0.409,0.733,-62,883.3,0,0
Jaden McDaniels,MIN,24.0,82,49,33,2614.41,490.93897637795277,470,163,110,74,0.477,0.33,0.813,172,2265.5,10,0
Jaden Springer,UTA,22.0,43,22,21,365.175,109.0,58,33,24,4,0.389,0.25,0.711,-32,296.1,0,0
Jae Crowder,SAC,34.0,9,3,6,102.76166666666668,23.0,20,6,3,0,0.318,0.267,0.833,-18,61.0,0,0
Jae'Sean Tate,HOU,29.0,52,38,14,588.11,188.0,117,47,26,7,0.473,0.348,0.681,51,475.9,0,0
Jahlil Okafor,IND,29.0,1,0,1,3.3666666666666667,0.0,1,1,0,0,0.0,0.0,0.0,5,2.7,0,0
Jahmir Young,CHI,24.0,6,4,2,29.666666666666668,490.93897637795277,3,6,0,0,0.8,0.5,1.0,-7,22.6,0,0
Jaime Jaquez Jr.,MIA,24.0,66,32,34,1046.0548102743724,570.0,290,166,61,14,0.461,0.311,0.754,-152,1294.0,3,1
Jake LaRavia,SAC,23.0,66,40,26,1349.28,458.0,259,158,62,23,0.475,0.423,0.678,126,1174.8,2,0
Jakob Poeltl,TOR,29.0,57,21,36,1685.7483333333332,824.0,547,158,66,71,0.627,0.333,0.674,-37,2017.4,23,0
Jalen Bridges,PHX,24.0,8,1,7,30.37333333333333,9.0,4,0,0,0,0.286,0.286,0.75,7,9.8,0,0
Jalen Brunson,NYK,28.0,65,40,25,2300.708333333333,490.93897637795277,187,475,60,8,0.488,0.383,0.821,146,2666.9,14,0
Jalen Duren,DET,21.0,78,43,35,2033.5483333333327,918.0,807,209,54,89,0.692,0.0,0.669,36,2492.9,41,0
Jalen Green,HOU,23.0,82,52,30,2697.11,1723.0,377,282,71,27,0.423,0.354,0.813,166,2689.4,4,0
Jalen Hood-Schifino,PHI,22.0,15,3,12,314.6766666666667,106.0,27,37,5,7,0.378,0.304,0.857,-96,211.9,0,0
Jalen Johnson,ATL,23.0,36,18,18,1284.1783333333333,680.0,359,181,56,36,0.5,0.312,0.746,55,1552.3,20,1
Jalen McDaniels,SAC,27.0,4,2,2,7.335,490.93897637795277,0,1,1,0,0.0,0.0,0.0,-1,4.5,0,0
Jalen Pickett,DEN,25.0,49,31,18,666.19,200.0,71,107,19,5,0.428,0.396,0.75,52,493.7,1,1
Jalen Smith,CHI,25.0,64,28,36,962.3833333333332,524.0,357,65,17,44,0.466,0.324,0.809,-36,1195.9,4,0
Jalen Suggs,ORL,24.0,35,20,15,1002.4533333333334,567.0,141,129,51,33,0.41,0.314,0.882,3,1079.7,0,0
Jalen Williams,OKC,24.0,69,55,14,2236.673333333333,1490.0,369,354,111,46,0.484,0.365,0.789,456,2784.8,3,0
Jalen Wilson,BKN,24.0,79,25,54,2031.3866666666668,749.0,270,145,40,5,0.397,0.337,0.818,-262,1346.5,0,0
Jamal Cain,NOP,26.0,37,6,31,501.79833333333335,196.0,85,22,23,9,0.43,0.325,0.68,-132,405.0,0,0
Jamal Murray,DEN,28.0,67,41,26,2418.346666666667,1436.0,261,403,91,33,0.474,0.393,0.886,331,2587.7,5,0
Jamal Shead,TOR,22.0,75,28,47,1466.825,533.0,115,316,58,10,0.405,0.323,0.768,-234,1232.0,1,0
Jamaree Bouyea,MIL,26.0,5,4,1,61.7,17.0,5,10,4,2,0.5,0.2,0.667,2,48.0,0,0
James Harden,LAC,35.0,79,50,29,2789.036666666667,1802.0,456,687,118,55,0.41,0.352,0.874,344,3557.7,38,3
James Johnson,IND,38.0,12,5,7,36.61666666666667,8.0,6,4,0,2,0.364,0.0,0.0,-9,23.2,0,0
James Wiseman,IND,24.0,1,1,0,4.633333333333334,6.0,1,0,0,0,0.5,0.0,1.0,-4,7.2,0,0
Jamison Battle,TOR,24.0,59,21,38,1041.6783333333333,419.0,158,53,17,10,0.429,0.405,0.889,-183,742.1,0,0
Jarace Walker,IND,26.257194244604317,75,45,30,1186.62,461.0,229,110,54,25,0.472,0.405,0.667,-146,1059.8,0,0
Jared Butler,PHI,24.0,60,6,54,1043.735,541.0,110,220,42,13,0.448,0.355,0.824,-131,1088.0,1,0
Jared McCain,PHI,21.0,23,7,16,591.7916666666666,352.0,56,60,15,0,0.46,0.383,0.875,-27,517.2,1,0
Jared Rhoden,TOR,25.0,14,8,6,226.16333333333333,118.0,42,16,10,2,0.483,0.308,0.88,64,219.4,1,0
Jaren Jackson Jr.,MEM,25.0,74,42,32,2206.951666666667,490.93897637795277,417,148,92,113,0.488,0.375,0.781,331,2825.4,6,0
Jarred Vanderbilt,LAL,26.0,36,25,11,580.8583333333333,147.0,182,41,35,10,0.488,0.281,0.556,35,532.9,0,0
Jarrett Allen,CLX,27.0,82,64,18,2296.0533333333333,1103.0,798,158,77,73,0.706,0.0,0.718,514,2650.6,40,0
Javonte Green,CLE,31.0,68,24,44,1257.8333333333333,347.0,218,56,65,31,0.429,0.326,0.724,-212,948.6,0,0
Jaxson Hayes,LAL,25.0,56,38,18,1092.6833333333334,383.0,269,58,31,51,0.722,0.0,0.622,87,995.8,2,0
Jay Huff,MEM,26.257194244604317,64,37,27,748.0316666666666,439.0,129,38,16,56,0.515,0.405,0.786,25,832.8,0,0
Jaylen Brown,BOS,26.257194244604317,63,46,17,2157.9283333333333,1398.0,368,286,73,19,0.463,0.324,0.764,402,2382.6,5,0
Jaylen Clark,MIN,23.0,40,28,12,521.9933333333333,163.0,53,26,36,2,0.467,0.431,0.784,44,371.6,0,0
Jaylen Martin,WAS,21.0,16,3,13,238.6266666666667,78.0,44,17,9,0,0.419,0.304,0.9,-131,171.3,0,0
Jaylen Nowell,WAS,25.0,8,1,7,168.075,67.0,20,18,1,4,0.356,0.296,0.636,-42,125.0,0,0
Jaylen Sims,CHA,26.0,6,0,6,111.80833333333334,42.0,6,12,3,1,0.429,0.4,0.8,-47,71.2,0,0
Jaylen Wells,MEM,21.0,79,47,32,2043.4816666666663,823.0,268,135,44,8,0.425,0.352,0.822,186,1434.1,1,0
Jaylin Williams,OKC,23.0,47,40,7,784.055,278.0,262,120,22,29,0.439,0.399,0.767,302,890.4,4,3
Jaylon Tyson,CLE,22.0,47,37,10,452.96,167.0,96,44,13,3,0.43,0.345,0.792,-2,370.2,1,0
Jayson Tatum,BOS,27.0,72,53,19,2623.8166666666666,1932.0,623,431,76,38,0.452,0.343,0.814,534,3459.1,31,2
Jazian Gortman,DAL,22.0,16,8,8,56.61666666666667,24.0,5,6,2,1,0.391,0.364,0.5,11,43.0,0,0
Jeff Dowtin Jr.,PHI,28.0,41,10,31,620.77,490.93897637795277,60,78,24,12,0.487,0.4,0.733,-103,567.0,0,0
Jeff Green,HOU,38.0,32,20,12,396.44666666666666,172.0,58,20,6,4,0.504,0.367,0.808,-38,292.6,0,0
Jerami Grant,PXR,31.0,47,22,25,1523.5866666666666,677.0,163,101,41,46,0.373,0.365,0.849,-202,1220.1,0,0
Jeremiah Robinson-Earl,NOP,24.0,66,17,49,1238.9,418.0,315,88,39,7,0.455,0.341,0.836,-331,1015.0,4,0
Jeremy Sochan,SAS,22.0,54,21,33,1363.9683333333332,617.0,352,128,45,27,0.535,0.308,0.696,-88,1363.4,8,0
Jericho Sims,MIL,26.0,53,34,19,631.245,98.0,197,33,10,19,0.634,0.0,0.615,25,437.9,0,0
Jesse Edwards,MIN,25.0,2,2,0,4.666666666666667,0.0,0,1,0,0,0.0,0.0,0.0,-10,1.5,0,0
Jett Howard,ORL,21.0,60,29,31,701.1066666666667,267.0,70,44,13,11,0.374,0.296,0.696,-86,453.0,0,0
Jevon Carter,CHI,29.0,36,13,23,320.5733333333333,153.0,39,40,13,3,0.377,0.333,0.8,37,296.8,0,0
Jimmy Butler III,GSW,35.0,55,36,19,1746.135,964.0,296,298,77,18,0.504,0.308,0.842,246,1977.2,6,3
Jock Landale,HOU,29.0,42,26,16,500.0233333333333,200.0,137,37,13,10,0.533,0.423,0.675,-25,467.9,1,0
Joe Ingles,MIN,37.0,19,12,7,114.08666666666667,15.0,11,23,2,0,0.261,0.2,0.0,2,59.7,0,0
Joel Embiid,PHI,31.0,19,8,11,574.3933333333333,452.0,155,85,14,18,0.444,0.299,0.882,-57,799.5,7,1
John Collins,UTA,27.0,40,12,28,1220.4916666666666,758.0,327,80,39,40,0.527,0.399,0.848,-16,1404.4,13,0
John Konchar,MEM,29.0,46,26,20,558.2233333333334,112.0,151,42,30,14,0.451,0.371,0.875,58,472.2,0,0
Johnny Davis,WAS,23.0,34,4,30,241.65833333333333,80.0,38,11,15,6,0.41,0.241,0.6,-26,198.1,0,0
Johnny Furphy,IND,20.0,50,31,19,379.4966666666666,103.0,71,19,18,11,0.38,0.3,0.818,22,291.7,0,0
Johnny Juzang,UTA,24.0,64,15,49,1269.83,571.0,184,68,39,8,0.429,0.376,0.849,-357,998.8,0,0
Jonas Valan?i?nas,SAC,33.0,81,23,58,1523.763333333333,843.0,627,164,37,46,0.55,0.216,0.879,-304,1970.4,21,0
Jonathan Isaac,ORL,27.0,71,35,36,1090.015,490.93897637795277,314,40,61,80,0.44781420765027324,0.258,0.682,-38,1206.8,2,0
Jonathan Kuminga,GSW,22.0,47,28,19,1144.08,719.0,217,104,38,21,0.454,0.305,0.668,8,1241.4,2,0
Jonathan Mogbo,OR,23.0,63,18,45,1285.655,389.0,311,146,55,34,0.438,0.243,0.732,-241,1178.2,3,1
Jordan Clarkson,UTA,33.0,37,10,27,962.47,600.0,118,138,31,9,0.408,0.362,0.797,-204,982.6,0,0
Jordan Goodwin,LAL,26.0,29,17,12,542.575,161.0,112,42,30,11,0.438,0.382,0.818,-11,455.4,0,0
Jordan Hawkins,NOP,23.0,56,18,38,1320.5,604.0,158,66,30,23,0.372,0.331,0.816,-317,993.6,0,0
Jordan McLaughlin,EI,29.0,46,17,29,314.27666666666664,98.0,30,51,16,1,0.431,0.413,0.773,57,245.5,0,0
Jordan Miller,LAC,25.0,37,21,16,420.31,152.0,58,34,17,5,0.433,0.211,0.8,-63,312.6,0,0
Jordan Poole,WAS,26.0,68,15,53,2000.8866666666668,1391.0,203,303,86,27,0.432,0.378,0.883,-558,2224.1,1,0
Jordan Walsh,BOS,21.0,52,39,13,403.0033333333333,82.0,69,19,12,11,0.361,0.273,0.583,25,245.3,0,0
Jose Alvarado,NOP,27.0,56,19,37,1365.9,579.0,136,259,74,14,0.392,0.359,0.811,-232,1308.7,2,0
Josh Christopher,MIA,23.0,14,9,5,69.35,28.0,9,8,5,3,0.355,0.182,0.667,-5,68.8,0,0
Josh Giddey,CHI,22.0,70,33,37,2116.641666666667,1022.0,566,503,84,45,0.465,0.378,0.781,-68,2640.7,30,7
Josh Green,CHA,24.0,68,17,51,1887.503333333333,490.93897637795277,172,108,74,15,0.428,0.391,0.681,-364,1071.4,0,0
Josh Hart,NYK,30.0,77,48,29,2896.83,490.93897637795277,737,453,119,27,0.525,0.333,0.776,203,2894.9,34,9
Josh Minott,MIN,22.0,46,32,14,276.275,119.0,47,18,15,12,0.489,0.326,0.895,-16,272.4,0,0
Josh Okogie,CHA,26.0,40,11,29,624.9783333333334,283.0,113,33,48,19,0.443,0.348,0.741,-13,638.1,1,0
Josh Richardson,MIA,31.0,8,4,4,149.49,32.0,12,12,8,1,0.289,0.273,1.0,-31,83.4,0,0
Jrue Holiday,BOS,35.0,62,47,15,1896.0683333333327,686.0,265,239,66,27,0.443,0.353,0.909,339,1564.5,1,0
Julian Champagnie,SAS,24.0,82,34,48,1932.128333333333,490.93897637795277,318,111,61,35,0.415,0.371,0.904,-67,1577.1,0,0
Julian Phillips,CHI,21.0,79,37,42,1122.905,366.0,169,39,38,20,0.446,0.327,0.789,30,774.3,0,0
Julian Strawther,DEN,23.0,65,41,24,1383.47,588.0,142,83,39,16,0.432,0.349,0.822,-71,990.9,0,0
Julius Randle,MIN,30.0,69,44,25,2225.526666666666,1288.0,487,323,47,16,0.485,0.344,0.806,166,2349.9,14,0
Justin Champagnie,WS,24.0,62,16,46,1340.5333333333333,544.0,351,60,65,39,0.511,0.383,0.685,-288,1313.2,8,0
Justin Edwards,PHI,21.0,44,11,33,1154.72,490.93897637795277,148,69,45,16,0.455,0.363,0.696,-280,860.1,1,0
Justin Minaya,PXR,26.0,19,8,11,100.67333333333332,490.93897637795277,10,7,6,1,0.381,0.2,0.0,-12,56.5,0,0
Jusuf Nurki?,CHA,30.0,51,18,33,1062.8266666666666,453.0,398,115,40,34,0.477,0.305,0.664,-184,1228.1,10,0
KJ Martin,UTA,24.0,43,11,32,911.4983333333332,274.0,125,48,17,22,0.552,0.259,0.787,-142,589.0,0,0
KJ Simpson,CHA,22.0,36,3,33,842.0833333333334,282.0,109,112,34,6,0.44781420765027324,0.254,0.82,-278,644.8,0,0
Kai Jones,DAL,24.0,40,20,20,468.37,198.0,125,25,15,23,0.798,0.2,0.719,-21,481.5,1,0
Karl-Anthony Towns,NYK,29.0,72,46,26,2516.72,1759.0,920,222,71,50,0.526,0.42,0.829,378,3367.0,58,1
Karlo Matkovi?,NOP,24.0,42,12,30,790.585,490.93897637795277,209,46,22,41,0.574,0.318,0.773,-89,790.8,4,0
Kawhi Leonard,LAC,34.0,37,26,11,1179.9566666666667,796.0,219,116,59,17,0.498,0.411,0.81,296,1388.8,5,0
Keaton Wallace,ATL,26.0,31,15,16,501.1666666666667,490.93897637795277,50,81,28,9,0.44781420765027324,0.329,1.0,-19,427.5,1,1
Keegan Murray,SAC,24.0,76,36,40,2610.173333333333,942.0,507,109,61,69,0.444,0.343,0.833,46,2043.9,11,0
Keion Brooks Jr.,NOP,24.0,14,2,12,331.7816666666667,142.0,58,13,10,10,0.486,0.326,0.733,-145,279.1,1,0
Kel'el Ware,MXA,21.0,64,28,36,1422.486666666667,595.0,473,60,39,71,0.554,0.315,0.687,39,1525.6,15,0
Keldon Johnson,SAS,25.0,77,31,46,1837.996666666667,490.93897637795277,371,125,49,22,0.482,0.318,0.773,-217,1747.7,3,0
Kelly Olynyk,NOP,34.0,44,12,32,890.9983333333333,384.0,206,128,33,19,0.5,0.418,0.769,-58,903.2,2,0
Kelly Oubre Jr.,PHI,29.0,60,21,39,2078.19,906.0,368,108,92,30,0.47,0.293,0.751,-258,1795.6,10,0
Kenrich Williams,OKC,30.0,69,58,11,1046.0548102743724,436.0,241,97,43,10,0.483,0.386,0.718,329,990.7,2,0
Kentavious Caldwell-Pope,MEM,32.0,77,38,39,2279.036666666667,673.0,169,136,99,34,0.439,0.342,0.863,11,1416.8,0,0
Keon Ellis,SAC,25.0,80,39,41,1948.1916666666664,666.0,212,120,121,63,0.489,0.433,0.849,64,1581.4,0,0
Keon Johnson,BKN,23.0,79,25,54,1925.2016666666664,839.0,297,175,82,30,0.389,0.314,0.77,-423,1677.9,0,0
Keshad Johnson,MIA,24.0,16,10,6,98.125,43.0,28,4,5,4,0.692,0.429,0.444,5,105.6,0,0
Kessler Edwards,DAL,24.0,40,17,23,608.46,168.0,115,42,19,20,0.496,0.407,0.923,-158,470.0,1,0
Kevin Durant,PHX,36.0,62,33,29,2264.685,1647.0,374,263,50,77,0.527,0.43,0.839,-38,2681.3,5,0
Kevin Huerter,CHI,26.0,69,39,30,1678.993333333333,490.93897637795277,205,156,66,23,0.425,0.338,0.714,104,1361.0,0,0
Kevin Knox II,GSW,25.0,14,11,3,83.65666666666667,46.0,17,5,2,4,0.5,0.267,0.75,-3,87.9,0,0
Kevin Love,MIA,36.0,23,13,10,251.4533333333333,122.0,94,22,15,4,0.357,0.358,0.696,-25,310.8,0,0
Kevin McCullar Jr.,NYK,24.0,4,4,0,29.166666666666668,6.0,8,2,1,1,0.286,0.0,1.0,-2,24.6,0,0
Kevin Porter Jr.,MIL,25.0,75,43,32,1482.02,771.0,278,256,81,13,0.44781420765027324,0.311,0.769,27,1634.6,2,1
Kevon Looney,GSW,29.0,76,45,31,1142.155,344.0,462,118,46,37,0.514,0.4,0.566,117,1285.4,2,0
Keyonte George,UTA,21.0,67,13,54,2108.475,1125.0,253,377,46,9,0.391,0.343,0.818,-512,1976.1,4,0
Khris Middleton,WAS,33.0,37,18,19,843.1816666666666,440.0,137,150,35,8,0.475,0.361,0.857,39,902.4,0,0
Killian Hayes,BKN,23.0,6,1,5,162.33333333333334,490.93897637795277,18,31,4,4,0.419,0.381,0.833,-24,137.1,0,0
Klay Thompson,DAL,35.0,72,33,39,1964.5683333333327,1005.0,246,145,50,30,0.412,0.391,0.905,-79,1669.7,0,0
Kobe Brown,LAC,25.0,40,25,15,272.22,77.0,65,24,7,4,0.458,0.231,0.714,-53,212.0,0,0
Kobe Bufkin,ATL,21.0,10,6,4,123.63666666666668,53.0,21,17,3,2,0.383,0.211,0.722,-23,110.7,0,0
Kris Dunn,LAC,31.0,74,45,29,1782.9183333333333,474.0,251,210,128,27,0.439,0.335,0.682,262,1481.2,0,0
Kris Murray,POR,24.0,69,31,38,1040.3866666666668,287.0,182,68,35,17,0.419,0.225,0.456,-50,720.4,1,0
Kristaps Porzi??is,BOS,29.0,42,30,12,1209.9633333333334,818.0,284,87,31,63,0.483,0.412,0.809,173,1518.3,6,0
Kyle Anderson,MIA,31.0,61,30,31,1002.0933333333334,357.0,206,145,40,33,0.44781420765027324,0.357,0.738,-22,1003.7,2,0
Kyle Filipowski,UTA,21.0,72,13,59,1521.54,690.0,440,140,48,22,0.502,0.35,0.65,-366,1536.0,13,0
Kyle Kuzma,MIL,29.0,65,25,40,1936.415,964.0,370,152,36,19,0.436,0.307,0.634,-419,1655.0,6,0
Kyle Lowry,PHI,39.0,35,14,21,659.4483333333334,138.0,67,96,33,11,0.35,0.33,0.818,-71,473.4,0,0
Kylor Kelley,LAL,27.0,11,3,8,125.95666666666666,34.0,39,5,1,3,0.636,0.0,0.6,-75,96.3,1,0
Kyrie Irving,DAL,33.0,50,28,22,1803.7966666666664,1234.0,240,231,66,23,0.473,0.401,0.916,124,2024.5,0,0
Kyshawn George,WAS,21.0,68,15,53,1802.1833333333327,590.0,285,169,68,50,0.372,0.322,0.753,-361,1442.5,1,0
LaMelo Ball,CHA,23.0,47,16,31,1504.475,1184.0,232,346,54,13,0.405,0.339,0.843,-130,2015.4,13,0
Lamar Stevens,MEM,27.0,17,7,10,155.535,74.0,38,8,5,3,0.46,0.296,0.727,67,145.6,0,0
Landry Shamet,NYK,28.0,50,30,20,761.6,286.0,61,27,23,2,0.44781420765027324,0.397,0.667,88,452.7,0,0
Larry Nance Jr.,ATL,32.0,24,10,14,463.2266666666667,203.0,103,38,20,13,0.516,0.447,0.692,-95,466.6,3,0
Lauri Markkanen,UTA,28.0,47,9,38,1475.8433333333332,892.0,278,70,33,17,0.423,0.346,0.876,-186,1414.6,5,0
LeBron James,LAL,40.0,70,44,26,2444.4466666666667,1710.0,546,575,70,39,0.513,0.376,0.782,-54,3294.7,32,10
Leonard Miller,MIN,21.0,13,11,2,31.595,490.93897637795277,11,0,2,1,0.4,0.0,1.0,-12,40.2,0,0
Lester Quinones,NOP,24.0,13,3,10,183.36666666666667,86.0,19,24,3,2,0.397,0.295,0.846,-26,145.8,0,0
Liam Robbins,MIL,25.0,13,8,5,56.96666666666667,9.0,12,2,2,2,0.25,0.0,0.5,-5,32.4,0,0
Lindy Waters III,DET,27.0,52,27,25,778.41,256.0,110,52,27,11,0.369,0.344,0.727,13,560.0,0,0
Lonnie Walker IV,PHI,26.0,20,3,17,476.7033333333333,247.0,63,50,10,5,0.42,0.354,0.8,-142,417.6,1,0
Lonzo Ball,CHI,27.0,35,16,19,777.03,267.0,118,115,47,17,0.366,0.344,0.815,100,732.1,0,0
Luguentz Dort,OKC,26.0,71,57,14,2073.3,719.0,293,115,79,39,0.435,0.412,0.717,547,1546.1,0,0
Luka Don?i?,LAL,26.0,50,31,19,1768.55,1408.0,409,383,89,21,0.45,0.368,0.782,344,2624.3,21,5
Luka Garza,MIN,26.0,39,28,11,219.31,138.0,54,11,6,3,0.495,0.278,0.686,1,234.3,0,0
Luke Kennard,MEM,29.0,10,37,28,1471.6916666666666,576.0,183,215,50,5,0.478,0.433,0.895,122,1211.1,0,0
Luke Kornet,BOS,29.0,73,53,20,1361.06,490.93897637795277,388,117,36,71,0.668,0.0,0.691,401,1372.1,3,0
Luke Travers,CLE,23.0,12,10,2,87.86,490.93897637795277,20,8,1,1,0.25,0.0,1.0,-1,46.0,0,0
Mac McClung,ORL,26.0,2,1,1,10.233333333333333,0.0,1,3,0,0,0.0,0.0,0.0,-2,5.7,0,0
Malachi Flynn,SAS,27.0,4,2,2,43.68,490.93897637795277,7,7,3,0,0.385,0.25,0.833,1,39.9,0,0
Malaki Branham,SAS,22.0,47,18,29,426.555,490.93897637795277,51,38,11,2,0.458,0.405,0.818,-33,358.2,0,0
Malcolm Brogdon,WAS,32.0,24,6,18,564.0766666666667,305.0,91,98,13,5,0.433,0.286,0.88,-121,577.2,2,0
Malevy Leons,OKC,25.0,6,6,0,20.966666666666665,2.0,3,1,0,0,0.0,0.0,0.5,-18,6.1,0,0
Malik Beasley,DET,28.0,82,44,38,2282.9466666666667,1336.0,214,139,73,5,0.43,0.416,0.679,175,1952.3,1,0
Malik Monk,SAC,27.0,65,36,29,2054.11,490.93897637795277,245,362,61,38,0.439,0.325,0.865,116,2092.0,4,0
MarJon Beauchamp,NYK,24.0,35,19,16,156.28166666666667,79.0,44,11,4,1,0.415,0.345,0.75,9,148.3,0,0
Marcus Bagley,PXI,23.0,10,1,9,253.155,67.0,70,10,9,12,0.391,0.156,0.8,-84,222.0,2,0
Marcus Garrett,CHA,26.0,4,1,3,79.38333333333334,28.0,6,13,3,2,0.407,0.375,0.75,-39,63.7,0,0
Marcus Sasser,DET,24.0,57,30,27,810.7866666666666,375.0,69,133,37,4,0.463,0.382,0.843,41,726.3,1,0
Marcus Smart,WAS,31.0,34,17,17,680.34,305.0,72,109,39,9,0.393,0.348,0.761,42,644.9,0,0
Mark Williams,CHA,23.0,44,9,35,1171.045,490.93897637795277,447,109,32,54,0.604,0.0,0.804,-301,1557.9,21,0
Markelle Fultz,SAC,27.0,21,9,12,184.0583333333333,61.0,20,27,10,2,0.418,0.5,1.0,5,146.5,0,0
Markieff Morris,LAL,35.0,15,7,8,164.43333333333334,56.0,23,21,2,3,0.3,0.25,0.833,-28,125.1,0,0
Marvin Bagley III,MM,26.0,31,7,24,265.2266666666667,490.93897637795277,84,11,9,8,0.519,0.158,0.657,-10,292.3,1,0
Mason Jones,SAC,26.0,10,4,6,45.391666666666666,23.0,9,11,0,1,0.5,0.125,0.8,1,52.3,0,0
Mason Plumlee,PHX,35.0,74,33,41,1300.045,333.0,455,134,33,47,0.619,0.0,0.648,54,1261.0,2,0
Matas Buzelis,CHI,20.0,80,39,41,1511.295,688.0,278,79,29,75,0.454,0.361,0.815,-35,1378.1,1,0
Matisse Thybulle,POR,28.0,15,8,7,312.2816666666667,112.0,52,28,33,9,0.477,0.438,0.467,1,329.4,0,0
Matt Ryan,NOP,28.0,19,14,5,67.82166666666667,28.0,8,3,2,0,0.323,0.316,1.0,-40,45.1,0,0
Max Christie,DAL,22.0,78,40,38,2127.141666666667,749.0,258,146,64,31,0.427,0.366,0.855,-83,1474.6,0,0
Max Strus,CLE,29.0,50,39,11,1272.725,471.0,217,158,26,12,0.442,0.386,0.824,221,1028.4,0,0
Maxi Kleber,LAL,33.0,34,18,16,636.875,103.0,95,43,9,17,0.385,0.265,0.762,-17,336.5,0,0
Maxwell Lewis,BKN,26.257194244604317,28,9,19,327.68833333333333,116.0,55,19,9,7,0.417,0.38,0.7,-68,244.5,0,0
Micah Potter,UTA,27.0,38,10,28,705.165,162.0,164,31,14,14,0.422,0.316,0.85,-104,458.3,0,0
Michael Porter Jr.,DEN,27.0,77,47,30,2593.2633333333333,1398.0,540,165,50,38,0.504,0.395,0.768,265,2453.5,15,0
Mikal Bridges,NYK,28.0,82,51,31,3036.076666666667,1444.0,259,306,75,43,0.5,0.354,0.814,334,2435.8,1,0
Mike Conley,EI,37.0,71,44,27,1755.85,582.0,182,319,79,14,0.4,0.41,0.9,265,1482.9,1,0
Miles Bridges,CHA,27.0,64,16,48,2028.735,1300.0,481,248,44,45,0.431,0.313,0.87,-259,2380.2,14,1
Miles McBride,NYK,24.0,64,39,25,1593.455,611.0,161,187,67,17,0.406,0.369,0.813,211,1295.7,0,0
Miles Norris,BOS,25.0,3,2,1,34.916666666666664,7.0,9,0,2,1,0.222,0.286,0.5,-14,26.8,0,0
Mitchell Robinson,NYK,27.0,17,10,7,290.12333333333333,87.0,101,13,16,18,0.661,0.0,0.684,23,319.7,2,0
Mo Bamba,NOP,27.0,32,19,13,413.485,138.0,145,18,9,31,0.464,0.278,0.704,-75,439.0,0,0
Monte Morris,PHX,30.0,45,21,24,570.77,233.0,67,73,20,3,0.426,0.36,0.857,47,470.9,0,0
Moritz Wagner,ORL,28.0,30,18,12,564.1566666666666,386.0,148,42,24,12,0.562,0.36,0.718,-17,685.6,1,0
Moses Brown,DAL,25.0,13,5,8,118.57666666666668,490.93897637795277,44,2,6,4,0.694,0.0,0.727,-14,150.8,1,0
Moses Moody,GSW,23.0,74,45,29,1649.15,490.93897637795277,189,96,59,31,0.433,0.374,0.797,132,1310.8,0,0
Mouhamed Gueye,ATL,26.257194244604317,33,15,18,532.7566666666667,197.0,139,27,28,33,0.421,0.259,0.762,87,572.3,2,0
Moussa Diabaté,CHA,23.0,71,15,56,1240.6333333333334,403.0,438,56,46,40,0.596,0.0,0.595,-123,1209.6,7,0
Myles Turner,IND,29.0,72,44,28,2173.6366666666668,490.93897637795277,471,111,54,144,0.44781420765027324,0.396,0.773,202,2322.7,13,0
N'Faly Dante,EI,23.0,4,0,4,50.61666666666667,24.0,21,2,1,5,0.769,0.0,0.8,-11,68.2,0,0
Nae'Qwan Tomlin,CLE,24.0,5,4,1,63.4,490.93897637795277,21,2,0,1,0.406,0.2,0.727,7,65.2,1,0
Naji Marshall,DAL,27.0,69,32,37,1919.0833333333333,490.93897637795277,328,208,70,11,0.508,0.275,0.813,-137,1750.6,6,0
Nate Williams,HOU,26.0,20,14,6,146.62,65.0,13,9,8,4,0.435,0.231,0.625,-24,116.1,0,0
Naz Reid,MIN,25.0,80,47,33,2200.116666666667,1138.0,480,181,58,72,0.462,0.379,0.776,340,2267.5,10,0
Neemias Queta,BOS,25.0,62,46,16,863.09,310.0,236,45,18,42,0.65,0.0,0.754,155,800.7,0,0
Nic Claxton,BKN,26.0,70,20,50,1881.7316666666663,724.0,515,157,62,100,0.563,0.238,0.513,-497,1976.5,13,0
Nick Richards,PHX,27.0,57,17,40,1256.2233333333334,529.0,466,49,14,55,0.44781420765027324,0.0,0.744,-235,1287.7,16,0
Nick Smith Jr.,CHA,21.0,60,14,46,1368.746666666667,591.0,128,145,17,6,0.44781420765027324,0.34,0.935,-398,949.1,1,0
Nickeil Alexander-Walker,MIN,26.0,82,49,33,2073.1016666666665,773.0,265,223,50,34,0.438,0.381,0.78,270,1578.5,1,0
Nicolas Batum,LAC,36.0,78,47,31,1367.3733333333332,490.93897637795277,218,84,52,36,0.437,0.433,0.81,152,930.6,0,0
Nikola Joki?,DEN,30.0,70,46,24,2570.765,2071.0,892,716,127,45,0.576,0.417,0.8,594,4501.4,59,34
Nikola Jovi?,MIA,22.0,46,21,25,1155.6766666666667,494.0,180,131,38,13,0.456,0.371,0.828,-20,999.5,0,0
Nikola Vu?evi?,CHI,34.0,73,34,39,2278.25,1349.0,735,256,61,52,0.53,0.402,0.805,-98,2835.0,45,1
Noah Clowney,BKN,20.0,46,11,35,1042.2866666666666,420.0,181,40,24,21,0.358,0.333,0.838,-261,786.2,0,0
Norman Powell,LAC,32.0,60,39,21,1957.9883333333328,1306.0,190,125,73,9,0.484,0.418,0.804,352,1859.5,1,0
OG Anunoby,NYK,26.257194244604317,74,45,29,2705.776666666666,1332.0,358,164,110,65,0.476,0.372,0.81,301,2430.6,1,0
Obi Toppin,IND,27.0,79,48,31,1544.815,833.0,318,128,46,28,0.529,0.365,0.781,-77,1560.6,2,0
Ochai Agbaji,TOR,25.0,64,19,45,1738.67,667.0,242,98,58,30,0.498,0.399,0.708,-214,1314.4,0,0
Olivier-Maxence Prosper,DAL,22.0,52,27,25,584.07,201.0,126,40,26,6,0.402,0.235,0.645,-104,494.2,0,0
Onyeka Okongwu,ATL,24.0,74,35,39,2063.9266666666667,490.93897637795277,660,168,69,68,0.567,0.324,0.759,40,2353.0,28,0
Orlando Robinson,TOR,24.0,44,23,21,769.8016666666666,303.0,220,77,17,16,0.444,0.327,0.771,-87,732.5,4,0
Oscar Tshiebwe,UTA,25.0,14,3,11,255.1733333333333,107.0,122,9,13,1,0.6,0.0,0.742,-11,298.9,4,0
Oshae Brissett,PH,27.0,6,1,5,142.24166666666667,52.0,22,4,4,3,0.487,0.333,0.571,-31,97.4,0,0
Oso Ighodaro,PHX,22.0,61,25,36,1045.545,255.0,222,71,28,29,0.604,0.0,0.58,-21,759.9,0,0
Ousmane Dieng,OKC,22.0,37,30,7,404.8416666666666,142.0,81,31,17,7,0.432,0.324,0.688,45,339.7,0,0
P.J. Tucker,NYK,40.0,3,1,2,57.86833333333333,9.0,8,0,1,1,0.429,0.5,0.0,-22,23.6,0,0
P.J. Washington,DAL,26.0,57,31,26,1834.858333333333,836.0,442,131,63,60,0.453,0.381,0.722,49,1813.9,14,0
PJ Dozier,MIN,28.0,9,7,2,34.916666666666664,7.0,5,5,1,0,0.667,0.667,0.167,-4,22.5,0,0
PJ Hall,DEN,23.0,19,12,7,66.18333333333334,33.0,22,4,0,4,0.583,0.25,0.75,-2,75.4,0,0
Pacôme Dadiet,NYK,19.0,18,14,4,111.17833333333331,30.0,18,5,3,2,0.323,0.316,0.667,-16,70.1,0,0
Paolo Banchero,ORL,22.0,46,21,25,1581.53,1191.0,345,219,36,28,0.452,0.32,0.727,-21,1989.5,11,0
Pascal Siakam,IND,31.0,78,47,31,2547.853333333333,1578.0,540,263,70,42,0.519,0.389,0.734,312,2847.5,11,0
Pat Connaughton,MIL,32.0,41,19,22,602.8266666666667,216.0,109,70,9,11,0.469,0.321,0.774,-13,487.8,1,0
Pat Spencer,GSW,28.0,39,24,15,249.61166666666668,98.0,46,48,14,3,0.406,0.227,0.733,-17,258.2,0,0
Patrick Baldwin Jr.,LAC,22.0,24,3,21,106.74833333333332,53.0,25,3,3,2,0.543,0.565,0.5,29,97.5,0,0
Patrick Williams,CHI,23.0,63,31,32,1576.3266666666666,566.0,237,124,48,32,0.397,0.353,0.723,-182,1190.4,1,0
Patty Mills,LAC,36.0,29,12,17,320.655,111.0,22,26,13,3,0.375,0.347,0.929,-15,207.4,0,0
Paul George,PHI,35.0,41,15,26,1333.5933333333332,665.0,219,178,75,20,0.44781420765027324,0.358,0.814,-83,1373.8,3,0
Paul Reed,DET,26.0,45,22,23,437.5366666666667,184.0,123,44,39,25,0.507,0.286,0.762,43,563.6,0,0
Payton Pritchard,BOS,27.0,80,59,21,2270.875,1144.0,307,279,70,14,0.44781420765027324,0.407,0.845,430,2099.9,5,0
Pelle Larsson,MIA,24.0,55,24,31,781.9466666666667,251.0,92,65,32,7,0.438,0.337,0.672,10,551.9,0,0
Pete Nance,MIL,25.0,13,8,5,138.16666666666666,38.0,21,10,2,2,0.438,0.375,0.5,-14,86.2,0,0
Peyton Watson,DEN,22.0,68,40,28,1655.7283333333332,551.0,233,94,48,93,0.477,0.353,0.693,-26,1338.6,0,0
Phillip Wheeler,PHI,23.0,5,0,5,44.39666666666667,8.0,8,2,1,2,0.143,0.0,1.0,13,28.6,0,0
Precious Achiuwa,NYK,25.0,57,36,21,1169.6133333333332,379.0,317,55,47,42,0.502,0.278,0.594,-48,1063.9,3,0
Quentin Grimes,PHI,25.0,75,29,46,2013.09,1092.0,324,228,74,22,0.467,0.385,0.757,-261,1969.8,4,0
Quenton Jackson,IND,26.0,28,14,14,381.03833333333336,162.0,44,53,21,5,0.475,0.375,0.775,-1,356.3,0,0
Quincy Olivari,LAL,24.0,2,1,1,10.3,3.0,0,1,0,0,0.2,0.2,0.0,-18,3.5,0,0
Quinten Post,GSW,26.257194244604317,42,26,16,685.7566666666667,340.0,148,56,16,18,0.449,0.408,0.778,43,670.6,0,0
RJ Barrett,TOR,25.0,58,23,35,1868.8033333333333,490.93897637795277,366,314,46,17,0.468,0.35,0.63,-139,2156.2,10,2
RayJ Dennis,IND,24.0,11,7,4,70.38333333333334,30.0,12,14,7,2,0.333,0.286,1.0,44,87.4,0,0
Rayan Rupert,POR,21.0,52,23,29,459.5416666666667,490.93897637795277,70,25,16,4,0.408,0.271,0.767,-86,306.5,1,0
Reece Beekman,BKN,23.0,36,13,23,469.3033333333333,93.0,39,63,33,2,0.327,0.175,0.762,-117,318.3,0,0
Reed Sheppard,HOU,21.0,52,30,22,654.3516666666667,229.0,78,75,35,17,0.351,0.338,0.813,-50,554.1,0,0
Reggie Jackson,PHI,35.0,31,11,20,383.9916666666667,136.0,42,45,16,3,0.391,0.338,0.778,-19,293.9,0,0
Richaun Holmes,WA,31.0,31,9,22,534.135,230.0,177,42,9,23,0.647,0.0,0.833,-36,580.4,3,0
Ricky Council IV,PHI,23.0,73,16,57,1250.015,532.0,214,97,32,13,0.382,0.258,0.804,-159,1017.3,3,0
Riley Minix,SAS,24.0,1,0,1,6.75,0.0,2,0,0,0,0.0,0.0,0.0,0,2.4,0,0
Rob Dillingham,MIN,20.0,49,30,19,515.975,219.0,50,98,20,1,0.441,0.338,0.533,19,436.0,0,0
Robert Williams III,POR,27.0,20,7,13,351.33,116.0,118,21,13,33,0.641,0.333,0.882,-17,410.1,0,0
Ron Harper Jr.,DET,25.0,1,0,1,17.0,4.0,7,2,0,0,0.125,0.0,1.0,-1,15.4,0,0
Ronald Holland II,DET,26.257194244604317,81,44,37,1266.3216666666667,522.0,218,82,49,17,0.474,0.238,0.754,-55,1032.6,0,0
Royce O'Neale,PHX,32.0,75,33,42,1836.8733333333328,680.0,349,163,67,33,0.423,0.406,0.731,-155,1578.3,1,0
Rudy Gobert,MIN,33.0,72,43,29,2388.423333333333,866.0,785,127,56,104,0.44781420765027324,0.0,0.674,327,2389.5,36,0
Rui Hachimura,LAL,27.0,59,37,22,1868.825,775.0,295,83,45,26,0.509,0.413,0.77,158,1417.5,1,0
Russell Westbrook,DEN,36.0,75,43,32,2092.2916666666665,994.0,370,457,106,37,0.449,0.323,0.661,-24,2310.5,13,4
Ryan Dunn,PHX,22.0,74,32,42,1410.4166666666667,490.93897637795277,267,57,44,40,0.43,0.311,0.487,-169,1128.9,3,0
Ryan Rollins,IL,22.0,56,30,26,819.525,490.93897637795277,108,104,42,17,0.487,0.408,0.8,83,758.6,1,0
Sam Hauser,BOS,27.0,71,52,19,1541.1333333333334,605.0,224,64,41,13,0.451,0.416,1.0,325,1108.8,0,0
Sam Merrill,CLE,29.0,71,54,17,1401.2816666666668,509.0,157,108,53,14,0.406,0.372,0.966,321,1025.4,0,0
Sandro Mamukelashvili,SAS,26.0,61,23,38,681.2083333333334,490.93897637795277,187,48,22,17,0.502,0.373,0.741,-28,772.4,2,0
Santi Aldama,MEM,24.0,65,38,27,1659.6483333333333,811.0,416,188,52,29,0.483,0.368,0.691,149,1764.2,10,0
Scoot Henderson,POR,21.0,66,30,36,1759.0716666666667,837.0,198,335,68,13,0.419,0.354,0.767,-38,1643.1,2,0
Scottie Barnes,TOR,23.0,65,26,39,2134.13,1252.0,502,378,93,63,0.446,0.271,0.755,-130,2705.4,26,1
Scotty Pippen Jr.,MEM,24.0,79,46,33,1682.88,490.93897637795277,259,347,103,30,0.48,0.397,0.713,44,1871.3,9,1
Seth Curry,CHA,34.0,68,17,51,1061.9566666666667,444.0,113,60,27,7,0.478,0.456,0.846,-171,739.6,0,0
Shaedon Sharpe,POR,22.0,72,32,40,2252.33,1335.0,324,198,62,16,0.452,0.311,0.785,-138,2104.8,3,0
Shai Gilgeous-Alexander,OK,26.0,76,63,13,2597.63,2484.0,379,486,131,77,0.519,0.375,0.898,918,4108.8,6,0
Shake Milton,LAL,28.0,57,29,28,836.2766666666666,315.0,104,102,25,4,0.453,0.358,0.797,-118,639.8,1,0
Sidy Cissoko,POR,21.0,22,11,11,114.46333333333334,32.0,21,15,2,1,0.433,0.231,0.333,8,77.7,0,0
Simone Fontecchio,DET,29.0,75,38,37,1236.6816666666666,446.0,215,65,31,12,0.402,0.335,0.833,16,876.5,0,0
Skal Labissiere,SAC,29.0,4,2,2,11.96,5.0,3,1,0,0,0.5,1.0,0.0,-1,10.1,0,0
Spencer Dinwiddie,DAL,32.0,79,37,42,2136.085,872.0,209,349,70,17,0.416,0.334,0.802,-222,1805.3,5,0
Spencer Jones,DEN,24.0,20,13,7,124.625,26.0,17,5,5,5,0.324,0.059,1.0,-45,78.9,0,0
Stanley Umude,MIL,26.0,22,15,7,85.77666666666667,15.0,17,4,3,6,0.192,0.2,0.5,-15,65.4,0,0
Stephen Curry,GSW,37.0,70,41,29,2252.45,1718.0,310,421,80,30,0.448,0.397,0.933,299,2851.5,9,0
Stephon Castle,SAS,20.0,81,33,48,2162.0216666666665,1190.0,297,332,74,22,0.428,0.285,0.724,-239,2155.4,6,0
Steven Adams,HOU,31.0,58,38,20,794.0666666666667,225.0,327,66,22,28,0.545,0.0,0.462,172,812.4,3,0
Svi Mykhailiuk,UTA,26.257194244604317,38,6,32,760.3066666666666,490.93897637795277,90,76,19,7,0.391,0.345,0.8,-106,582.0,0,0
T.J. McConnell,IND,33.0,79,49,30,1415.4333333333334,720.0,193,351,83,21,0.519,0.306,0.74,-56,1681.1,2,0
Taj Gibson,CHA,40.0,37,10,27,408.85,107.0,120,21,9,18,0.495,0.5,0.6,-124,338.5,1,0
Talen Horton-Tucker,CHI,24.0,58,26,32,723.695,379.0,100,83,21,11,0.457,0.336,0.735,19,679.5,0,0
Tari Eason,HOU,24.0,57,36,21,1420.1933333333334,686.0,362,83,97,50,0.487,0.342,0.76,145,1620.9,6,0
Taurean Prince,MIL,31.0,80,46,34,2165.86,656.0,287,155,76,15,0.457,0.439,0.813,-22,1423.9,1,0
Taylor Hendricks,UTA,21.0,3,0,3,74.51666666666667,14.0,15,2,5,4,0.222,0.25,0.75,-22,60.0,0,0
Taze Moore,POR,26.257194244604317,2,0,2,19.85,490.93897637795277,8,1,2,0,0.2,0.25,0.5,-7,21.1,0,0
Terance Mann,ATL,28.0,67,37,30,1414.25,517.0,199,121,47,15,0.496,0.368,0.691,-95,1076.3,0,0
Terence Davis,SAC,28.0,1,1,0,7.883333333333334,0.0,1,1,0,0,0.0,0.0,0.0,-3,2.7,0,0
Terrence Shannon Jr.,MIN,24.0,32,21,11,338.8283333333333,138.0,47,32,7,5,0.482,0.355,0.81,11,263.4,1,0
Terry Rozier,MIA,31.0,64,27,37,1658.22,679.0,238,167,37,14,0.391,0.295,0.852,-141,1290.1,0,0
Terry Taylor,SAC,25.0,3,1,2,6.333333333333333,0.0,1,2,0,0,0.0,0.0,0.0,9,4.2,0,0
Thomas Bryant,IND,27.0,66,44,22,963.0166666666668,429.0,251,53,28,41,0.508,0.324,0.859,-37,986.7,1,0
Tidjane Salaün,CHA,19.0,60,12,48,1244.3533333333332,353.0,280,74,29,14,0.33,0.283,0.713,-321,871.0,2,0
Tim Hardaway Jr.,DET,33.0,77,41,36,2152.795,844.0,183,123,38,7,0.406,0.368,0.855,25,1335.1,0,0
Tobias Harris,DET,32.0,73,40,33,2305.4133333333334,1002.0,432,162,74,57,0.477,0.345,0.861,187,2071.4,5,0
Tolu Smith,DET,24.0,1,0,1,22.35,490.93897637795277,8,0,0,0,0.667,0.0,0.667,7,21.6,0,0
Tony Bradley,IND,27.0,14,11,3,112.73833333333332,61.0,42,6,2,9,0.644,0.333,0.333,44,148.4,1,0
Torrey Craig,BOS,34.0,26,16,10,313.94666666666666,490.93897637795277,73,17,8,12,0.422,0.364,0.667,-49,273.1,0,0
Tosan Evbuomwan,BKN,24.0,28,8,20,664.93,267.0,120,55,24,10,0.427,0.312,0.753,-66,556.5,0,0
Toumani Camara,POR,25.0,78,33,45,2548.0516666666667,882.0,450,175,116,50,0.458,0.375,0.722,-114,2073.5,4,0
Trae Young,ATL,26.0,76,36,40,2739.06,1841.0,236,880,91,12,0.411,0.34,0.875,34,3398.2,51,0
Trayce Jackson-Davis,GSW,25.0,62,33,29,966.7866666666666,407.0,311,104,23,38,0.576,0.0,0.578,-61,1074.2,4,0
Tre Jones,CHI,25.0,46,21,25,904.9716666666668,330.0,116,192,37,10,0.538,0.396,0.821,-31,863.2,1,0
Tre Mann,CHA,24.0,13,6,7,319.045,183.0,38,39,7,4,0.435,0.4,0.905,-55,295.1,0,0
Trendon Watford,BKN,24.0,44,16,28,912.6766666666666,450.0,160,115,27,12,0.469,0.33,0.762,-65,848.5,1,0
Trentyn Flowers,LAC,20.0,6,4,2,26.515,11.0,4,0,0,0,0.364,0.0,1.0,-6,14.8,0,0
Trevelin Queen,ORL,28.0,31,15,16,430.28,152.0,54,38,31,10,0.381,0.286,0.857,-86,374.8,0,0
Trey Alexander,DEN,22.0,24,14,10,117.22166666666666,32.0,12,11,2,1,0.44781420765027324,0.176,0.75,-25,66.9,0,0
Trey Jemison III,LAL,25.0,38,17,21,392.0233333333333,95.0,105,16,9,15,0.554,0.0,0.394,-18,293.0,0,0
Trey Lyles,SAC,29.0,69,34,35,1349.5216666666668,490.93897637795277,316,82,41,23,0.42,0.34,0.7,-70,1106.2,1,0
Trey Murphy III,NOP,25.0,53,14,39,1854.23,1124.0,268,188,56,39,0.454,0.361,0.887,-384,1909.6,2,0
Tristan Thompson,CLE,34.0,40,31,9,328.17,69.0,134,24,2,11,0.437,0.0,0.233,-85,290.8,0,0
Tristan Vukcevic,WAS,22.0,35,7,28,512.51,330.0,130,39,11,23,0.496,0.373,0.776,-125,604.5,1,0
Tristan da Silva,ORL,24.0,74,35,39,1628.611666666667,533.0,245,113,33,18,0.412,0.335,0.873,-127,1093.5,1,0
Tristen Newton,MIN,24.0,8,2,6,16.145,3.0,4,2,1,0,0.125,0.0,1.0,-5,11.8,0,0
Ty Jerome,CLE,27.0,70,55,15,1392.4,878.0,173,237,78,3,0.516,0.439,0.872,302,1592.1,0,0
TyTy Washington Jr.,PHX,23.0,16,4,12,118.34833333333331,35.0,13,16,3,0,0.311,0.19,0.5,2,80.6,0,0
Tyler Herro,MIA,25.0,77,37,40,2725.08,1840.0,399,424,69,17,0.472,0.375,0.878,99,3014.8,9,0
Tyler Kolek,NYK,24.0,41,27,14,296.15166666666664,81.0,27,70,12,4,0.329,0.298,0.765,-1,248.4,0,0
Tyler Smith,MIL,20.0,23,12,11,121.57333333333334,67.0,25,4,3,4,0.48,0.433,0.75,8,116.0,0,0
Tyrese Haliburton,IND,25.0,73,46,27,2450.391666666667,1359.0,258,673,105,49,0.473,0.388,0.851,222,3020.1,31,0
Tyrese Martin,BKN,26.0,60,16,44,1315.32,523.0,219,122,34,9,0.406,0.351,0.793,-258,1023.8,1,0
Tyrese Maxey,PHI,24.0,52,20,32,1960.195,1369.0,174,317,91,21,0.437,0.337,0.879,-124,2265.3,8,1
Tyson Etienne,BKN,26.257194244604317,7,1,6,151.08166666666668,55.0,9,12,3,1,0.327,0.295,0.8,-70,87.8,0,0
Tyus Jones,PHX,29.0,81,36,45,2173.516666666667,829.0,196,429,69,8,0.448,0.414,0.895,-92,1847.7,6,0
Ulrich Chomche,TOR,19.0,7,3,4,32.175,5.0,8,2,0,1,0.4,0.0,0.5,-24,18.6,0,0
Vasilije Micic,EI,31.0,41,8,33,784.9083333333333,490.93897637795277,89,128,15,0,0.348,0.36,0.829,-122,535.8,1,0
Victor Wembanyama,SAS,21.0,46,21,25,1527.253333333333,1116.0,506,168,52,176,0.476,0.352,0.836,102,2510.2,28,1
Vince Williams Jr.,MEM,24.0,27,10,17,498.5466666666667,490.93897637795277,98,55,12,7,0.401,0.274,0.792,6,403.1,1,0
Vlatko ?an?ar,DEN,28.0,13,2,11,135.82833333333335,24.0,32,9,3,2,0.385,0.267,0.0,-18,79.9,0,0
Vít Krej?í,ATL,25.0,57,28,29,1152.631666666667,412.0,156,147,36,26,0.497,0.437,0.711,-66,955.7,1,0
Walker Kessler,UTA,23.0,58,14,44,1740.32,641.0,707,97,36,138,0.663,0.176,0.52,-329,2070.9,28,0
Wendell Carter Jr.,ORL,26.0,68,31,37,1758.2683333333334,618.0,492,134,52,41,0.46,0.234,0.737,-13,1611.4,10,0
Wendell Moore Jr.,CHA,23.0,36,11,25,498.9166666666667,150.0,95,42,20,5,0.468,0.341,0.818,-134,375.0,1,0
Xavier Tillman,BOS,26.0,33,26,7,230.9033333333333,34.0,43,7,11,5,0.245,0.156,0.75,-12,130.1,0,0
Yuki Kawamura,MEM,24.0,22,17,5,92.66666666666669,36.0,12,19,2,0,0.367,0.304,0.778,27,79.9,0,0
Yuri Collins,GSW,24.0,2,2,0,16.3,2.0,3,4,2,0,0.333,0.0,0.0,-5,17.6,0,0
Yves Missi,NOP,21.0,73,19,54,1955.79,665.0,601,99,37,98,0.547,0.0,0.623,-514,1857.7,14,0
Zaccharie Risacher,ATL,20.0,75,38,37,1843.3866666666668,942.0,268,92,52,37,0.458,0.355,0.711,-121,1576.6,1,0
Zach Collins,CHI,27.0,64,34,30,977.06,490.93897637795277,288,111,29,29,0.507,0.302,0.885,-29,1033.1,4,0
Zach Edey,MEM,23.0,66,35,31,1415.765,610.0,548,65,36,85,0.58,0.346,0.709,164,1640.1,12,0
Zach LaVine,SAC,30.0,74,32,42,2602.48,1724.0,315,310,58,12,0.511,0.446,0.825,-70,2569.0,6,0
Zeke Nnaji,DEN,24.0,57,36,21,607.9666666666667,184.0,90,23,25,38,0.496,0.327,0.614,-23,501.5,0,0
Ziaire Williams,BKN,23.0,63,22,41,1541.4033333333334,632.0,287,84,62,28,0.44781420765027324,0.341,0.821,-330,1305.4,2,0
Zion Williamson,NOP,24.0,30,10,20,857.2766666666666,737.0,216,159,37,27,0.567,0.231,0.656,-42,1336.7,8,2
Zyon Pullin,MEM,24.0,3,1,2,2.6016666666666666,0.0,0,0,0,0,0.0,0.0,0.0,1,0.0,0,0
Ivica Zubac,LAC,28.0,80,50,30,2624.1766666666667,490.93897637795277,1010,214,55,90,0.628,0.0,0.661,514,3181.0,59,1
Caleb Houstan,OL,22.0,58,29,29,787.99,239.0,75,35,22,6,0.44781420765027324,0.4,0.882,-66,452.5,0,0
Dean Wade,EI,28.0,59,47,12,1252.4516666666666,320.0,249,76,42,20,0.413,0.36,0.533,284,896.8,1,0
Anthony Edwards,MIN,23.0,79,48,31,2871.0583333333334,490.93897637795277,450,359,91,51,0.447,0.395,0.837,291,3432.5,7,0
Enrique Freeman,IND,24.0,22,7,15,181.205,46.0,30,9,3,3,0.432,0.1,0.684,-19,107.5,0,0
Trendon Watford,EI,24.0,44,16,28,912.6766666666666,450.0,160,115,27,12,0.469,0.33,0.762,-65,848.5,1,0
Cory Joseph,ORL,33.0,50,26,24,611.7333333333333,177.0,74,72,26,4,0.403,0.364,0.778,35,445.8,0,0
