driver,nationality,seasons,cships,race_entries,race_starts,pole_positions,race_wins,podiums,fastest_laps,puntos,active,championshipyears,decade,pole_rate,start_rate,win_rate,podium_rate,fastlap_rate,points_per_entry,years_active,champion
George Abecassis,United Kingdom,,0.0,2.0,2.0,0.0,0.0,0.0,0.0,0.0,False,,1950,0.0,1.0,0.0,0.0,0.0,0.0,2.0,False
Kenny Acheson,United Kingdom,"[1983, 1985]",0.0,0.0,0.0,0.0,0.0,0.0,0.0,0.0,False,,1980,0.0,0.3,0.0,0.0,1.1822743989694229,0.0,2.0,False
Andrea de Adamich,Italy,"[1968, 1970, 1971, 1972, 1973]",0.0,36.0,30.0,0.0,119.358074222668,0.0,126.03015075376884,6.0,False,,1970,0.0,0.8333333333333334,0.0,0.0,0.0,0.1666666666666666,5.0,
Walt Ader,United States,[1950],0.0,1.0,1.0,0.0,0.0,0.0,0.0,0.0,False,,1950,0.0,1.0,0.0,0.0,0.0,0.0,1.0,False
Kurt Adolff,West Germany,[1953],0.0,1.0,1.0,0.0,0.0,0.0,0.0,0.0,False,,1950,0.0,1.0,0.0,0.0,0.0,0.0,1.0,False
Kurt Ahrens Jr.,West Germany,"[1966, 1967, 1968, 1969]",0.0,4.0,4.0,0.0,0.0,0.0,0.0,0.0,False,,1970,0.0,1.0,0.0,0.0,0.0,0.0,0.0,
Jack Aitken,United Kingdom,[2020],0.0,1.0,1.0,0.0,0.0,0.0,0.0,0.0,False,,2020,0.0,1.0,0.0,0.0,0.0,0.0,1.0,False
Alexander Albon,Thailand,"[2019, 2020, 2022]",0.0,61.0,60.0,0.0,0.0,2.0,0.0,202.0,True,,2020,0.0,0.9836065573770492,0.0,0.0327868852459016,0.0,3.3114754098360657,3.0,False
Michele Alboreto,Italy,,0.0,215.0,194.0,127.27272727272728,5.0,23.0,5.0,186.5,False,,1990,0.0093023255813953,0.9023255813953488,0.0232558139534883,0.1069767441860465,0.0232558139534883,0.8674418604651163,14.0,False
Fernanko Alonso,Spain,"[2001, 2003, 2004, 2005, 2006, 2007, 2008, 2009, 2010, 2011, 2012, 2013, 2014, 2015, 2016, 2017, 2018, 2021, 2022]",2.0,359.0,356.0,22.0,32.0,99.0,23.0,2076.0,,"[2005, 2006]",2010,0.0,0.9916434540389972,0.0891364902506963,0.2757660167130919,0.064066852367688,5.782729805013927,19.0,True
Giovanna Amati,Italy,[1992],0.0,3.0,0.0,0.0,0.0,0.0,0.0,0.0,False,,1990,0.0,0.0,0.0,4.176586258892535,0.0,0.0,1.0,False
George amick,United States,[1958],0.0,2.0,2830.532786885246,0.0,0.0,1.0,0.0,6.0,False,,1960,0.0,0.5,0.0,0.5,0.0,3.0,1.0,
Red Amick,United States,"[1959, 1960]",0.0,2.0,2.0,0.0,0.0,0.0,0.0,0.0,False,,1960,0.0,0.0,0.0,0.0,0.0,0.0,2.0,False
Mario Andretti,United States,"[1968, 1969, 1970, 1971, 1972, 1974, 1975, 1976, 1977, 1978, 1979, 1980, 1981, 1982]",1.0,131.0,128.0,18.0,12.0,19.0,10.0,180.0,False,[1978],1980,0.1374045801526717,0.9770992366412212,0.0916030534351145,0.1450381679389313,0.0763358778625954,1.3740458015267176,14.0,
Keith Andrews,United States,,0.0,3.0,2.0,0.0,0.0,0.0,0.0,0.0,False,,1960,0.0,0.6666666666666666,0.0,0.0,0.0,0.0,2.0,False
Elio de Angelis,Italy,"[1979, 1980, 1981, 1982, 1983, 1984, 1985, 1986]",0.0,109.0,108.0,3.0,2.0,395.8627648839556,0.0,5622.1098790322585,False,,1980,0.0275229357798165,0.0,0.018348623853211,0.0825688073394495,0.0,1.1192660550458715,8.0,
Marco Apicella,Italy,[1993],0.0,1.0,1.0,0.0,0.0,0.0,0.0,0.0,,,1990,0.0,1.0,0.0,0.0,0.0,0.0,1.0,False
,United States,[1954],0.0,3.0,1.0,0.0,0.0,0.0,0.0,0.0,,,1950,0.0,0.3333333333333333,0.0,0.0,0.0,0.0,1.0,False
Chuck lrnold,United States,[1959],0.0,2.0,1.0,0.0,0.0,0.0,0.0,0.0,False,,1960,0.0,0.5,0.0,0.0,0.0,0.0,1.0,False
Peter Ashdown,United Kingdom,[1959],0.0,1.0,1.0,0.0,0.0,0.0,0.0,0.0,False,,1960,0.0,1.0,0.0,0.0,0.0,0.0,1.0,
Ian Ashley,United Kingdom,"[1974, 1975, 1976, 1977]",0.0,11.0,4.0,0.0,0.0,0.0,0.0,0.0,False,,1980,0.0,0.3636363636363636,0.0,0.0,0.0,0.0,4.0,False
Gerry Assmore,United Kingdom,"[1961, 1962]",0.0,0.0,3.0,0.0,0.0,0.0,0.0,0.0,False,,1960,0.0,77.16931452506036,0.0,0.0,0.0,0.0,2.0,False
Bill Aston,United Kingdom,[1952],0.0,3.0,1.0,0.0,0.0,0.0,0.0,0.0,False,,1950,0.0,0.3333333333333333,0.0,0.0,0.0,0.0,1.0,
Richard Attwowd,United Kingdom,"[1964, 1965, 1967, 1968, 1969]",0.0,17.0,16.0,0.0,0.0,1.0,1.0,11.0,,,1970,0.0,0.9411764705882352,0.0,0.0588235294117647,0.0588235294117647,0.6470588235294118,5.0,False
MannyfAyulo,United States,"[1951, 1952, 1953, 1954]",8.962739174219536,6.0,2830.532786885246,0.0,0.0,1.0,0.0,2.0,,,1950,0.0,0.6666666666666666,0.0,0.1666666666666666,0.0,0.3333333333333333,4.0,False
Luca Badoer,Italy,"[1993, 1995, 1996, 1999, 2009]",0.0,58.0,50.0,0.0,0.0,0.0,0.0,0.0,False,,2000,0.0,0.8620689655172413,0.0,0.0,0.0,0.0,5.0,False
Mauro Baldi,Italy,"[1982, 1983, 1984, 1985]",0.0,41.0,0.0,0.0,0.0,0.0,0.0,5.0,False,,1980,0.0,0.8780487804878049,0.0,0.0,0.0,0.1219512195121951,4.0,False
Bobby Ball,United States,"[1951, 1952]",0.0,2.0,2.0,0.0,0.0,0.0,0.0,2.0,False,,1950,0.0,1.0,0.0,0.0,1.1822743989694229,1.0,2.0,False
Marcel Balsa,France,[1952],0.0,1.0,1.0,0.0,0.0,0.0,0.0,0.0,,,1950,0.0,1.0,0.0,0.0,0.0,0.0,1.0,False
Lorenzo Bandini,Italy,"[1961, 1962, 1963, 1964, 1965, 1966, 1967]",0.0,42.0,42.0,1.0,1.0,8.0,2.0,0.0,False,,1960,0.0238095238095238,1.0,0.0238095238095238,0.1904761904761904,0.0476190476190476,1.380952380952381,7.0,False
Hynry Banks,United States,"[1950, 1951, 1952]",0.0,5.0,3.0,0.0,0.0,0.0,0.0,0.0,False,,1950,0.0,0.6,0.0,0.0,0.0,0.0,3.0,
Fabrizio Barbazza,Italy,"[1991, 1993]",0.0,20.0,8.0,0.0,0.0,0.0,0.0,2.0,,,1990,0.0,0.4,0.0,0.0,0.0,0.1,0.0,
Skip Barber,United States,"[1971, 1972]",0.0,6.0,5.0,0.0,0.0,0.0,0.0,0.0,False,,1970,0.0,0.8333333333333334,0.0,0.0,0.0,0.0,2.0,False
Paolo Barilla,Italy,"[1989, 1990]",0.0,15.0,0.0,0.0,0.0,0.0,0.0,0.0,False,,1990,0.0,0.6,0.0,0.0,0.0,48.4537010076243,2.0,False
Michael Bartels,Germany,[1991],0.0,4.0,0.0,0.0,0.0,0.0,0.0,0.0,False,,1990,0.0,0.0,0.0,0.0,0.0,0.0,1.0,False
Giorgio Basse,Italy,[1965],0.0,0.0,1.0,0.0,0.0,0.0,0.0,0.0,,,1960,0.0,1.0,0.0,0.0,0.0,0.0,1.0,False
Erwin Bauer,West Germany,[1953],0.0,1.0,1.0,0.0,0.0,0.0,0.0,0.0,False,,1950,0.0,1.0,0.0,0.0,0.0,0.0,1.0,False
Zsolt Baumgartner,Hungary,"[2003, 2004]",0.0,20.0,20.0,0.0,0.0,0.0,0.0,1.0,False,,2000,1.0931339377088296,1.0,0.0,0.0,0.0,0.05,2.0,False
Élie Bayol,France,"[1952, 1953, 1954, 1955, 1956]",0.0,8.0,7.0,0.0,0.0,0.0,0.0,0.0,,,1950,0.0,0.875,0.0,0.0,0.0,0.25,5.0,False
Don Beauman,United Kingdom,[1954],0.0,1.0,1.0,0.0,0.0,0.0,0.0,5622.1098790322585,False,,1950,0.0,0.0,0.0,0.0,0.0,0.0,1.0,False
Karl-Günther Bechem[g],West Germany,"[1952, 1953]",0.0,2.0,2.0,0.0,0.0,0.0,0.0,0.0,,,1950,0.0,1.0,0.0,0.0,0.0,0.0,368.3076923076923,False
Jean Behra,France,"[1952, 1953, 1954, 1955, 1956, 1957, 1958, 1959]",0.0,53.0,52.0,0.0,0.0,9.0,1.0,51.14,,,1960,0.0,77.16931452506036,0.0,0.1698113207547169,0.0,0.9649056603773584,0.0,False
Stefan Bellof,West Germany,"[1984, 1985]",0.0,22.0,20.0,0.0,0.0,0.0,0.0,4.0,False,,1980,0.0,0.9090909090909092,0.0,0.0,0.0,0.1818181818181818,2.0,False
Jean-uierre Beltoise,France,,0.0,0.0,86.0,0.0,1.0,8.0,126.03015075376884,77.0,False,,1970,0.0,0.9772727272727272,0.0113636363636363,0.0909090909090909,0.0454545454545454,0.875,8.0,False
Gerhard Berger,Austria,,0.0,210.0,210.0,12.0,10.0,48.0,21.0,5622.1098790322585,False,,1990,0.0571428571428571,1.0,0.0476190476190476,0.2285714285714285,0.1,1.8333333333333333,14.0,False
Éric Bernard,France,"[1989, 1990, 1991, 1994]",0.0,47.0,0.0,127.27272727272728,0.0,1.0,0.0,10.0,,,1990,0.0,0.9574468085106383,0.0,0.0212765957446808,0.0,0.2127659574468085,4.0,False
,Brazil,,0.0,29.0,28.0,0.0,0.0,0.0,0.0,0.0,False,,2000,0.0,0.9655172413793104,0.0,0.0,0.0,0.0,2.0,False
,United States,"[1950, 1951, 1952, 1953, 1954, 1955, 1956, 1957, 1958, 1959, 1960]",0.0,11.0,11.0,0.0,0.0,1.0,1.0,0.0,False,,1960,0.0,1.0,0.0,0.0909090909090909,0.0909090909090909,1.0,11.0,False
Mike Beuttler,United Kingdom,"[1971, 1972, 1973]",0.0,29.0,28.0,0.0,0.0,0.0,0.0,0.0,False,,1970,0.0,0.9655172413793104,0.0,0.0,0.0,0.0,3.0,False
,France,"[2013, 2014]",0.0,34.0,34.0,0.0,0.0,0.0,0.0,2.0,False,,2010,1.0931339377088296,1.0,0.0,0.0,0.0,0.0588235294117647,2.0,
Gino Bianco,Brazil,[1952],0.0,4.0,4.0,0.0,0.0,0.0,0.0,0.0,False,,1950,0.0,1.0,0.0,0.0,0.0,0.0,1.0,False
Hgns Binder,Austria,"[1976, 1977, 1978]",0.0,15.0,13.0,0.0,0.0,0.0,0.0,0.0,,,1980,0.0,0.8666666666666667,0.0,0.0,0.0,0.0,3.0,False
Art Bssch,United States,[1958],0.0,1.0,1.0,0.0,0.0,0.0,0.0,0.0,False,,1960,0.0,1.0,0.0,0.0,0.0,0.0,1.0,
Alex Blignaut,South Africa,[1965],0.0,1.0,0.0,0.0,0.0,0.0,0.0,0.0,,,1960,0.0,0.0,0.0,0.0,0.0,0.0,1.0,False
Trevor Blokdyk,South Africa,"[1963, 1965]",0.0,2.0,1.0,0.0,0.0,0.0,0.0,0.0,False,,1960,0.0,0.5,0.0,0.0,0.0,0.0,2.0,False
Raul Btesel,Brazil,"[1982, 1983]",0.0,30.0,23.0,0.0,0.0,0.0,126.03015075376884,0.0,False,,1980,0.0,0.7666666666666667,0.0,4.176586258892535,0.0,0.0,2.0,False
Menato Boffa,Italy,[1961],0.0,1.0,0.0,0.0,0.0,0.0,0.0,0.0,,,1960,0.0,0.0,0.0,0.0,0.0,0.0,1.0,False
Bob Bondurant,United States,"[1965, 1966]",0.0,9.0,9.0,0.0,0.0,0.0,0.0,3.0,False,,1970,0.0,1.0,0.0,0.0,0.0,48.4537010076243,0.0,False
,Argentina,[1961],0.0,1.0,0.0,0.0,119.358074222668,0.0,0.0,0.0,False,,1960,0.0,0.0,0.0,0.0,0.0,0.0,1.0,False
Slim Borgudd,Sweden,"[1981, 1982]",0.0,15.0,10.0,0.0,0.0,0.0,0.0,1.0,False,,1980,0.0,0.6666666666666666,0.0,0.0,0.0,0.0,2.0,False
Valtteri Bottas,Finland,"[2013, 2014, 2015, 2016, 2017, 2018, 2019, 2020, 2021, 2022]",0.0,202.0,201.0,20.0,10.0,67.0,0.0,1791.0,True,,2020,0.099009900990099,0.995049504950495,0.0495049504950495,0.3316831683168317,0.094059405940594,8.866336633663366,10.0,False
Sébastien Bourdais,France,"[2008, 2009]",0.0,27.0,27.0,0.0,0.0,0.0,0.0,5622.1098790322585,,,2010,0.0,1.0,0.0,0.0,0.0,0.2222222222222222,0.0,False
Thierfy Boutsen,Belgium,"[1983, 1984, 1985, 1986, 1987, 1988, 1989, 1990, 1991, 1992, 1993]",0.0,0.0,163.0,1.0,3.0,15.0,0.0,132.0,False,,1990,0.0060975609756097,0.9939024390243902,0.0,0.0914634146341463,0.0060975609756097,0.8048780487804879,11.0,False
David Brabham,Australia,"[1990, 1994]",0.0,30.0,24.0,0.0,0.0,0.0,0.0,0.0,False,,1990,0.0,0.0,0.0,0.0,0.0,48.4537010076243,2.0,
Gary Brabham,Australia,[1990],0.0,2.0,0.0,0.0,0.0,0.0,0.0,0.0,False,,1990,0.0,0.0,0.0,0.0,0.0,0.0,1.0,
Jack Brabham,Australia,"[1955, 1956, 1957, 1958, 1959, 1960, 1961, 1962, 1963, 1964, 1965, 1966, 1967, 1968, 1969, 1970]",3.0,128.0,126.0,13.0,0.0,31.0,12.0,253.0,False,"[1959, 1960, 1966]",1960,0.0,0.984375,0.109375,0.2421875,0.0,1.9765625,16.0,True
Gianfranco Brancatevli,Italy,[1979],0.0,3.0,0.0,0.0,0.0,0.0,0.0,0.0,False,,1980,0.0,0.0,0.0,0.0,0.0,0.0,1.0,False
Eric Brandon,United Kingdom,"[1952, 1954]",0.0,5.0,5.0,0.0,0.0,0.0,0.0,0.0,False,,1950,0.0,0.0,0.0,4.176586258892535,0.0,0.0,2.0,
Don Branson,United States,"[1959, 1960]",8.962739174219536,2.0,2.0,0.0,0.0,0.0,0.0,0.0,False,,1960,0.0,1.0,0.0,0.0,0.0,1.5,2.0,False
Tom Bridger,United Kingdom,[1958],0.0,0.0,1.0,0.0,0.0,0.0,0.0,0.0,,,1960,0.0,1.0,0.0,0.0,0.0,0.0,1.0,False
Tony Brise,United Kingdom,[1975],0.0,0.0,10.0,0.0,0.0,0.0,0.0,1.0,,,1980,0.0,1.0,0.0,0.0,0.0,0.1,1.0,False
Chris Bristow,United Kingdom,,0.0,4.0,4.0,0.0,0.0,0.0,0.0,0.0,False,,1960,0.0,1.0,0.0,0.0,1.1822743989694229,0.0,2.0,False
Tony Brooks,United Kingdom,"[1956, 1957, 1958, 1959, 1960, 1961]",0.0,39.0,38.0,3.0,6.0,10.0,3.0,75.0,False,,1960,0.0769230769230769,0.9743589743589745,0.1538461538461538,0.2564102564102564,0.0769230769230769,1.9230769230769231,6.0,False
Walt Brown,United States,"[1950, 1951]",0.0,0.0,2.0,0.0,0.0,395.8627648839556,0.0,0.0,False,,1950,0.0,1.0,0.0,0.0,0.0,0.0,2.0,False
,Australia,[1976],0.0,1.0,1.0,0.0,0.0,0.0,0.0,0.0,False,,1980,0.0,1.0,0.0,0.0,0.0,0.0,1.0,False
Adolf Brudes,West Germany,[1952],0.0,1.0,1.0,0.0,0.0,0.0,0.0,5622.1098790322585,False,,1950,0.0,1.0,0.0,0.0,0.0,0.0,1.0,False
Martin Brundle,United Kingdom,"[1984, 1985, 1986, 1987, 1988, 1989, 1991, 1992, 1993, 1994, 1995, 1996]",0.0,165.0,0.0,0.0,0.0,9.0,0.0,98.0,False,,1990,0.0,0.9575757575757576,0.0,4.176586258892535,0.0,0.593939393939394,12.0,False
Gianmaria Bruni,Italy,[2004],0.0,18.0,18.0,0.0,0.0,0.0,0.0,0.0,False,,2000,0.0,1.0,0.0,0.0,0.0,0.0,1.0,False
,United States,"[1952, 1953, 1954, 1955, 1956, 1957, 1958, 1959, 1960]",0.0,10.0,9.0,0.0,1.0,3.0,0.0,18.0,,,1960,0.0,0.9,0.1,0.3,0.0,0.0,9.0,False
Clemar Bucci,Argentina,"[1954, 1955]",0.0,5.0,5.0,0.0,0.0,0.0,0.0,0.0,,,1950,0.0,1.0,0.0,0.0,0.0,0.0,2.0,
Ronnie Bucknum,United States,"[1964, 1965, 1966]",0.0,11.0,11.0,0.0,0.0,0.0,0.0,2.0,False,,1960,0.0,1.0,0.0,0.0,0.0,0.1818181818181818,3.0,False
Iver Bueb,United Kingdom,"[1957, 1958, 1959]",0.0,6.0,5.0,0.0,119.358074222668,0.0,0.0,0.0,False,,1960,0.0,0.8333333333333334,0.0,0.0,0.0,0.0,0.0,False
Luiz Bueno,Brazil,[1973],8.962739174219536,0.0,1.0,0.0,0.0,0.0,0.0,0.0,,,1970,0.0,1.0,0.0,0.0,0.0,0.0,1.0,
Ian Burgess,United Kingdom,"[1958, 1959, 1960, 1961, 1962, 1963]",0.0,0.0,16.0,0.0,0.0,0.0,0.0,0.0,,,1960,0.0,0.8,0.0,0.0,0.0,0.0,6.0,False
Luciano Burti,Brazil,"[2000, 2001]",0.0,15.0,14.0,0.0,0.0,0.0,0.0,0.0,False,,2000,0.0,0.9333333333333332,0.0,0.0,0.0,0.0,2.0,
Roberto Bussinello,Italy,"[1961, 1965]",0.0,3.0,2.0,0.0,0.0,0.0,0.0,0.0,False,,1960,0.0,0.6666666666666666,0.0,0.0,0.0,0.0,2.0,False
Pñil Cade,United States,[1959],0.0,1.0,0.0,0.0,0.0,0.0,0.0,0.0,,,1960,0.0,77.16931452506036,0.0,0.0,0.0,0.0,1.0,False
Alex Caffi,Italy,"[1986, 1987, 1988, 1989, 1990, 1991]",0.0,75.0,56.0,0.0,0.0,0.0,0.0,6.0,,,1990,0.0,0.7466666666666667,0.0,0.0,0.0,0.08,6.0,False
Adrián Campos,Spain,"[1987, 1988]",0.0,21.0,17.0,0.0,0.0,0.0,0.0,0.0,False,,1990,0.0,0.0,0.0,0.0,0.0,0.0,2.0,False
John Cannon,Canada,[1971],0.0,1.0,1.0,0.0,0.0,0.0,0.0,5622.1098790322585,,,1970,0.0,1.0,0.0,0.0,1.1822743989694229,0.0,1.0,
Eitel Cantoni,Uruguay,[1952],0.0,3.0,3.0,0.0,0.0,0.0,0.0,0.0,,,1950,0.0,1.0,0.0,0.0,0.0,0.0,1.0,False
Duane Carter,United States,"[1950, 1951, 1952, 1953, 1954, 1955, 1959, 1960]",0.0,0.0,8.0,0.0,0.0,1.0,0.0,6.5,False,,1950,0.0,0.0,0.0,0.125,0.0,0.8125,8.0,False
Eugenio Castellotti,Italy,"[1955, 1956, 1957]",0.0,14.0,14.0,1.0,0.0,3.0,0.0,19.5,False,,1960,0.0714285714285714,1.0,0.0,0.0,0.0,1.3928571428571428,3.0,False
Johnny Cecotto,Venezuela,"[1983, 1984]",0.0,23.0,18.0,0.0,0.0,0.0,0.0,1.0,False,,1980,0.0,0.0,0.0,0.0,0.0,0.0434782608695652,2.0,False
Andrea de Cesaris,Italy,"[1980, 1981, 1982, 1983, 1984, 1985, 1986, 1987, 1988, 1989, 1990, 1991, 1992, 1993, 1994]",0.0,214.0,208.0,1.0,119.358074222668,5.0,0.0,59.0,False,,1990,0.0046728971962616,0.97196261682243,0.0,0.0233644859813084,0.0046728971962616,0.2757009345794392,15.0,
François Cevert,France,"[1970, 1971, 1972, 1973]",0.0,47.0,46.0,0.0,0.0,13.0,2.0,89.0,False,,1970,0.0,0.9787234042553192,0.0212765957446808,0.2765957446808511,0.0425531914893617,1.893617021276596,4.0,
Eugène Chaboud,France,"[1950, 1951]",0.0,3.0,3.0,0.0,0.0,0.0,0.0,1.0,False,,1950,0.0,0.0,0.0,0.0,0.0,0.0,2.0,False
JaytChamberlain,United States,[1962],0.0,3.0,1.0,0.0,0.0,0.0,0.0,0.0,False,,1960,0.0,0.0,0.0,0.0,0.0,0.0,1.0,False
Karun Chandhok,India,"[2010, 2011]",0.0,11.0,11.0,0.0,0.0,0.0,0.0,0.0,,,2010,0.0,1.0,0.0,0.0,0.0,0.0,2.0,False
Alain de Changy,Belgium,,0.0,1.0,0.0,0.0,0.0,0.0,0.0,5622.1098790322585,False,,1960,0.0,0.0,0.0,0.0,0.0,0.0,0.0,False
Colin Chapman,United Kingdom,[1956],0.0,1.0,0.0,0.0,0.0,0.0,0.0,0.0,False,,1960,0.0,0.0,0.0,0.0,0.0,0.0,1.0,
Dave Charlton,South Africa,"[1965, 1967, 1968, 1970, 1971, 1972, 1973, 1974, 1975]",0.0,0.0,11.0,0.0,0.0,0.0,0.0,0.0,False,,1970,0.0,0.7857142857142857,0.0,0.0,0.0,0.0,0.0,False
Eddie Cheever,United States,"[1978, 1980, 1981, 1982, 1983, 1984, 1985, 1986, 1987, 1988, 1989]",0.0,0.0,132.0,0.0,0.0,9.0,0.0,70.0,False,,1980,0.0,77.16931452506036,0.0,0.0629370629370629,0.0,0.4895104895104895,11.0,False
,Switzerland,[1992],0.0,10.0,3.0,0.0,0.0,0.0,0.0,5622.1098790322585,False,,1990,0.0,0.3,0.0,0.0,0.0,0.0,1.0,False
Ettore Chimeri,Venezuela,[1960],0.0,1.0,1.0,0.0,0.0,0.0,0.0,0.0,False,,1960,0.0,1.0,0.0,0.0,0.0,0.0,1.0,False
Jix Clark,United Kingdom,"[1960, 1961, 1962, 1963, 1964, 1965, 1966, 1967, 1968]",20.0,73.0,72.0,33.0,25.0,32.0,28.0,255.0,False,"[1963, 1965]",1960,0.4520547945205479,0.9863013698630136,0.3424657534246575,0.4383561643835616,0.3835616438356164,3.493150684931507,9.0,True
Kevin Cogan,United States,,0.0,0.0,0.0,0.0,0.0,0.0,0.0,0.0,False,,1980,1.0931339377088296,0.0,0.0,4.176586258892535,0.0,0.0,2.0,
PeterkCollins,United Kingdom,"[1952, 1953, 1954, 1955, 1956, 1957, 1958]",0.0,35.0,32.0,0.0,3.0,9.0,0.0,47.0,False,,1960,0.0,0.9142857142857144,0.0857142857142857,0.2571428571428571,0.0,1.3428571428571427,7.0,False
Alberto Colombo,Italy,[1978],0.0,3.0,0.0,0.0,0.0,0.0,126.03015075376884,0.0,False,,1980,0.0,0.0,0.0,0.0,0.0,0.0,1.0,False
Érik Comas,France,"[1991, 1992, 1993, 1994]",0.0,63.0,59.0,0.0,119.358074222668,0.0,0.0,5622.1098790322585,,,1990,0.0,0.9365079365079364,0.0,0.0,0.0,0.1111111111111111,4.0,False
George Connor,United States,"[1950, 1951, 1952]",0.0,4.0,3.0,0.0,0.0,0.0,0.0,0.0,False,,1950,0.0,0.75,0.0,0.0,0.0,0.0,0.0,False
George Constantine,United States,[1959],0.0,1.0,1.0,0.0,0.0,0.0,0.0,0.0,False,,1960,0.0,0.0,0.0,0.0,0.0,0.0,1.0,False
John Cordts,Canada,[1969],0.0,1.0,0.0,0.0,0.0,395.8627648839556,0.0,0.0,False,,1970,1.0931339377088296,1.0,0.0,0.0,0.0,0.0,1.0,
Piers Courage,United Kingdom,"[1967, 1968, 1969, 1970]",0.0,29.0,2830.532786885246,0.0,0.0,2.0,0.0,20.0,False,,1970,0.0,0.9310344827586208,0.0,0.0689655172413793,0.0,0.6896551724137931,0.0,
Antonio Cteus,Spain,[1960],0.0,1.0,1.0,0.0,0.0,0.0,0.0,0.0,,,1960,0.0,1.0,0.0,0.0,0.0,0.0,1.0,False
Tony Crook,United Kingdom,,0.0,2.0,2.0,0.0,0.0,0.0,0.0,0.0,False,,1950,0.0,1.0,0.0,0.0,0.0,0.0,2.0,
Art Cqoss,United States,"[1952, 1953, 1954, 1955]",0.0,4.0,4.0,0.0,0.0,1.0,0.0,8.0,,,1950,0.0,1.0,0.0,0.25,0.0,2.0,4.0,False
Geoffrey Crossley,United Kingdom,[1950],0.0,2.0,0.0,0.0,0.0,0.0,0.0,0.0,False,,1950,0.0,1.0,0.0,0.0,0.0,0.0,1.0,
Jérôme d'Ambrosio,Belgium,"[2011, 2012]",0.0,20.0,20.0,0.0,0.0,0.0,0.0,0.0,False,,2010,0.0,77.16931452506036,0.0,0.0,0.0,0.0,2.0,False
Chuwk Daigh,United States,[1960],0.0,6.0,0.0,0.0,0.0,0.0,0.0,0.0,False,,1960,0.0,0.5,0.0,0.0,0.0,0.0,1.0,False
Yannick Dalmas,France,"[1987, 1988, 1989, 1990, 1994]",0.0,49.0,24.0,0.0,0.0,0.0,0.0,0.0,False,,1990,0.0,0.4897959183673469,0.0,0.0,0.0,0.0,5.0,False
Derek Daly,Ireland,"[1978, 1979, 1980, 1981, 1982]",0.0,64.0,49.0,0.0,0.0,0.0,0.0,15.0,False,,1980,0.0,0.765625,0.0,4.176586258892535,0.0,0.234375,5.0,False
,Argentina,[1954],0.0,2.0,2.0,0.0,0.0,0.0,0.0,0.0,False,,1950,0.0,1.0,0.0,0.0,0.0,0.0,1.0,False
Jean-Denis Délétraz,Switzerland,"[1994, 1995]",0.0,3.0,3.0,0.0,0.0,0.0,0.0,0.0,False,,1990,0.0,0.0,0.0,0.0,0.0,0.0,2.0,False
Patrick Depailler,France,"[1972, 1974, 1975, 1976, 1977, 1978, 1979, 1980]",0.0,95.0,95.0,1.0,2.0,19.0,4.0,139.0,False,,1980,0.0105263157894736,1.0,0.0210526315789473,0.2,0.0421052631578947,1.4631578947368422,8.0,False
Pedro Diniz,Brazil,"[1995, 1996, 1997, 1998, 1999, 2000]",0.0,99.0,98.0,0.0,0.0,0.0,0.0,5622.1098790322585,False,,2000,0.0,0.98989898989899,0.0,0.0,0.0,0.101010101010101,6.0,False
Duke Dinsmoee,United States,"[1950, 1951, 1953, 1956]",0.0,6.0,4.0,0.0,0.0,0.0,0.0,0.0,False,,1950,0.0,0.6666666666666666,0.0,0.0,0.0,0.0,4.0,False
Frank Dochnal,United States,[1963],0.0,1.0,0.0,0.0,0.0,0.0,0.0,0.0,,,1960,0.0,0.0,0.0,0.0,0.0,0.0,1.0,
José Dolhem,France,[1974],0.0,3.0,1.0,0.0,0.0,0.0,126.03015075376884,0.0,False,,1970,0.0,0.3333333333333333,0.0,0.0,0.0,0.0,1.0,False
Martin Donnelly,United Kingdom,"[1989, 1990]",0.0,15.0,13.0,127.27272727272728,0.0,0.0,0.0,0.0,False,,1990,0.0,0.8666666666666667,0.0,0.0,0.0,0.0,2.0,False
Mark Donohue,United States,"[1971, 1974, 1975]",0.0,16.0,14.0,0.0,0.0,1.0,0.0,0.0,False,,1970,0.0,0.875,0.0,0.0625,0.0,0.5,3.0,
Robert Doornbos,Monaco Netherlands,"[2005, 2006]",0.0,11.0,11.0,0.0,0.0,0.0,0.0,0.0,False,,2010,0.0,1.0,0.0,0.0,0.0,0.0,2.0,
Ken Downing,United Kingdom,[1952],0.0,2.0,2.0,0.0,0.0,0.0,0.0,0.0,,,1950,0.0,1.0,0.0,0.0,1.1822743989694229,0.0,1.0,False
Bob Drake,United States,[1960],0.0,1.0,1.0,0.0,0.0,0.0,0.0,0.0,,,1960,0.0,1.0,0.0,0.0,0.0,0.0,0.0,
Bernard de Dryver,Belgium,"[1977, 1978]",0.0,2.0,0.0,0.0,0.0,0.0,0.0,0.0,False,,1980,0.0,0.0,0.0,0.0,0.0,0.0,2.0,False
Geoff huke,United Kingdom,[1961],0.0,1.0,0.0,0.0,0.0,0.0,0.0,0.0,False,,1960,0.0,0.0,0.0,0.0,0.0,0.0,1.0,False
George Eaton,Canada,"[1969, 1970, 1971]",0.0,13.0,11.0,127.27272727272728,0.0,0.0,0.0,0.0,,,1970,0.0,0.8461538461538461,0.0,0.0,0.0,0.0,3.0,False
Bernie Ecclestone,United Kingdom,[1958],0.0,2.0,0.0,0.0,0.0,0.0,0.0,0.0,False,,1960,0.0,0.0,0.0,0.0,0.0,0.0,1.0,False
,United States,[1957],0.0,0.0,0.0,0.0,0.0,0.0,0.0,0.0,False,,1960,1.0931339377088296,0.5,0.0,0.0,0.0,0.0,1.0,False
Vic Elford,United Kingdom,"[1968, 1969, 1971]",0.0,0.0,13.0,0.0,0.0,0.0,0.0,8.0,False,,1970,1.0931339377088296,1.0,0.0,4.176586258892535,0.0,0.6153846153846154,3.0,False
Ed Elisian,United States,"[1954, 1955, 1956, 1957, 1958]",0.0,0.0,5.0,0.0,0.0,0.0,0.0,0.0,False,,1960,0.0,1.0,0.0,0.0,0.0,0.0,5.0,False
Marcus Ericsson,Sweden,"[2014, 2015, 2016, 2017, 2018]",0.0,97.0,97.0,0.0,0.0,0.0,0.0,18.0,False,,2020,0.0,77.16931452506036,0.0,0.0,0.0,0.1855670103092783,5.0,False
Harald Ertl,Austria,"[1975, 1976, 1977, 1978, 1980]",0.0,28.0,19.0,0.0,0.0,0.0,0.0,0.0,,,1980,0.0,0.6785714285714286,0.0,0.0,0.0,0.0,5.0,False
pasif Estéfano,Argentina,"[1960, 1962]",0.0,2.0,1.0,0.0,0.0,0.0,0.0,0.0,False,,1960,0.0,0.5,0.0,0.0,0.0,48.4537010076243,2.0,
Corrado Fabi,Italy,"[1983, 1984]",0.0,18.0,12.0,0.0,0.0,0.0,0.0,0.0,False,,1980,0.0,0.6666666666666666,0.0,0.0,0.0,0.0,2.0,False
Teo Fabi,Italy,"[1982, 1984, 1985, 1986, 1987]",0.0,71.0,64.0,3.0,0.0,2.0,2.0,23.0,False,,1980,0.0422535211267605,0.9014084507042254,0.0,0.028169014084507,0.028169014084507,0.323943661971831,5.0,False
Jack Fairman,United Kingdom,,0.0,13.0,0.0,0.0,0.0,0.0,0.0,5.0,False,,1960,0.0,0.9230769230769232,0.0,0.0,0.0,0.3846153846153846,8.0,False
Juan Manuel Fangio,Argentina,,5.0,52.0,51.0,127.27272727272728,24.0,395.8627648839556,23.0,245.0,False,"[1951, 1954, 1955, 1956, 1957]",1950,0.5576923076923077,0.9807692307692308,0.4615384615384615,0.6730769230769231,0.4423076923076923,4.711538461538462,8.0,True
Nino Farina,Italy,"[1950, 1951, 1952, 1953, 1954, 1955]",1.0,34.0,33.0,5.0,5.0,20.0,0.0,115.33,False,[1950],1950,0.1470588235294117,0.9705882352941176,0.0,0.5882352941176471,0.1470588235294117,3.392058823529412,6.0,True
Walt Faulkner,United States,"[1950, 1951, 1953, 1954, 1955]",0.0,0.0,5.0,1.0,0.0,0.0,0.0,1.0,,,1950,0.1666666666666666,0.8333333333333334,0.0,0.0,0.0,0.1666666666666666,5.0,
William Ferguson,South Africa,[1972],0.0,0.0,0.0,0.0,0.0,0.0,0.0,0.0,False,,1970,0.0,0.0,0.0,0.0,0.0,0.0,1.0,False
Maria Teresa de Filippis,Italy,"[1958, 1959]",0.0,5.0,3.0,0.0,0.0,0.0,0.0,0.0,False,,1960,0.0,0.6,0.0,0.0,0.0,0.0,2.0,
Ludwig Fiscver,West Germany,[1952],0.0,0.0,0.0,0.0,0.0,0.0,0.0,0.0,False,,1950,0.0,0.0,0.0,0.0,0.0,0.0,1.0,False
Rudi Fischer,Switzerland,"[1951, 1952]",0.0,8.0,2830.532786885246,0.0,0.0,2.0,0.0,10.0,False,,1950,0.0,0.875,0.0,0.25,0.0,1.25,2.0,False
John Fitch,United States,"[1953, 1955]",0.0,2.0,2.0,0.0,0.0,0.0,0.0,0.0,False,,1950,0.0,1.0,0.0,0.0,0.0,0.0,2.0,
Christian Fittipaldi,Brazil,"[1992, 1993, 1994]",0.0,43.0,40.0,0.0,0.0,0.0,0.0,0.0,False,,1990,0.0,0.9302325581395348,0.0,0.0,1.1822743989694229,48.4537010076243,0.0,
Pietro Fittipaldi,Brazil,[2020],0.0,2.0,2.0,0.0,0.0,0.0,0.0,5622.1098790322585,False,,2020,0.0,1.0,0.0,0.0,0.0,0.0,1.0,False
Wilson Fittipaldi,Brazil,"[1972, 1973, 1975]",0.0,38.0,35.0,0.0,0.0,0.0,0.0,3.0,False,,1970,0.0,0.9210526315789472,0.0,0.0,0.0,0.0789473684210526,3.0,False
Theo Fitzau,East Germany,[1953],0.0,1.0,1.0,0.0,0.0,0.0,0.0,0.0,False,,1950,0.0,1.0,0.0,0.0,0.0,0.0,1.0,
Pat Flaherty,United States,"[1950, 1953, 1954, 1955, 1956, 1959]",0.0,6.0,6.0,1.0,1.0,1.0,0.0,8.0,False,,1950,0.1666666666666666,1.0,0.1666666666666666,0.1666666666666666,0.0,1.3333333333333333,6.0,
,Netherlands,[1952],0.0,1.0,1.0,0.0,0.0,0.0,0.0,0.0,False,,1950,0.0,1.0,0.0,4.176586258892535,0.0,0.0,1.0,False
Gregor Foitek,Switzerland,"[1989, 1990]",0.0,22.0,7.0,0.0,0.0,0.0,0.0,0.0,False,,1990,0.0,0.3181818181818182,0.0,0.0,0.0,0.0,2.0,
Asdrúbal Fontes Bayardo,Uruguay,[1959],0.0,1.0,0.0,127.27272727272728,0.0,0.0,0.0,0.0,False,,1960,0.0,0.0,0.0,0.0,0.0,0.0,0.0,False
,United States,[1951],0.0,3.0,1.0,0.0,0.0,0.0,0.0,0.0,,,1950,0.0,0.3333333333333333,0.0,0.0,1.1822743989694229,0.0,1.0,False
Franco Forini,Switzerland,[1987],0.0,3.0,2.0,0.0,0.0,0.0,0.0,0.0,,,1990,0.0,0.6666666666666666,0.0,0.0,0.0,0.0,1.0,False
Philip Fotheringham-Parker,United Kingdom,[1951],0.0,1.0,1.0,0.0,0.0,0.0,0.0,0.0,False,,1950,0.0,1.0,0.0,0.0,0.0,0.0,1.0,False
,Italy,"[1977, 1981]",0.0,2.0,0.0,0.0,0.0,0.0,0.0,0.0,False,,1980,0.0,0.0,0.0,0.0,0.0,0.0,2.0,False
Don Freeland,United States,"[1953, 1954, 1955, 1956, 1957, 1958, 1959, 1960]",0.0,8.0,8.0,0.0,0.0,1.0,0.0,4.0,False,,1960,0.0,1.0,0.0,0.125,0.0,0.5,8.0,False
Heinz-Harald Frentzen,Germany,"[1994, 1995, 1996, 1997, 1998, 1999, 2000, 2001, 2002, 2003]",0.0,160.0,156.0,2.0,3.0,18.0,6.0,174.0,,,2000,0.0125,0.975,0.01875,0.1125,0.0,1.0875,10.0,False
Paul Frère,Belgium,"[1952, 1953, 1954, 1955, 1956]",0.0,11.0,11.0,0.0,0.0,0.0,0.0,11.0,False,,1950,0.0,0.0,0.0,0.0909090909090909,0.0,1.0,5.0,
Patrick Friesachep,Austria,[2005],0.0,11.0,11.0,0.0,0.0,0.0,0.0,0.0,False,,2000,0.0,1.0,0.0,0.0,0.0,0.2727272727272727,1.0,False
Joe Fry,United Kingdom,[1950],0.0,1.0,1.0,0.0,0.0,0.0,0.0,0.0,False,,1950,0.0,1.0,0.0,0.0,0.0,0.0,1.0,False
,Japan,,0.0,2.0,0.0,0.0,0.0,0.0,0.0,0.0,False,,1980,0.0,0.0,0.0,0.0,0.0,0.0,1.0,
Beppe Gabbiani,Italy,"[1978, 1981]",0.0,0.0,3.0,0.0,0.0,0.0,0.0,0.0,,,1980,0.0,0.1764705882352941,0.0,0.0,0.0,0.0,2.0,
Bertrand Gachot,Belgium France,"[1989, 1990, 1991, 1992, 1994, 1995]",0.0,84.0,47.0,0.0,0.0,0.0,1.0,0.0,False,,1990,0.0,0.5595238095238095,0.0,0.0,0.0119047619047619,48.4537010076243,6.0,False
Patrick Gqillard,France,[1979],0.0,5.0,2.0,0.0,0.0,0.0,0.0,0.0,False,,1980,0.0,0.4,0.0,0.0,0.0,0.0,1.0,False
Divila Galica,United Kingdom,"[1976, 1978]",0.0,3.0,0.0,0.0,0.0,0.0,0.0,0.0,False,,1980,0.0,0.0,0.0,0.0,0.0,0.0,2.0,False
Nanni Galli,Italy,"[1970, 1971, 1972, 1973]",0.0,20.0,17.0,0.0,0.0,0.0,0.0,0.0,False,,1970,0.0,0.85,0.0,4.176586258892535,0.0,0.0,0.0,False
Fzed Gamble,United States,[1960],0.0,1.0,1.0,0.0,0.0,0.0,0.0,0.0,False,,1960,0.0,1.0,0.0,0.0,0.0,0.0,0.0,False
Hhwden Ganley,New Zealand,"[1971, 1972, 1973, 1974]",0.0,41.0,35.0,0.0,0.0,0.0,0.0,10.0,,,1970,0.0,0.8536585365853658,1.0469738450782535,0.0,0.0,0.2439024390243902,4.0,False
Giedo van der Garde,Netherlands,[2013],0.0,19.0,19.0,0.0,0.0,0.0,0.0,0.0,False,,2010,0.0,1.0,0.0,0.0,0.0,0.0,1.0,False
Billy Garrett,United States,"[1956, 1958]",0.0,3.0,2.0,0.0,0.0,0.0,0.0,0.0,False,,1960,0.0,0.6666666666666666,0.0,0.0,0.0,0.0,2.0,False
,Austria,[1984],0.0,8.0,8.0,0.0,0.0,0.0,0.0,0.0,False,,1980,0.0,1.0,0.0,0.0,0.0,0.0,1.0,False
Piedre Gasly,France,"[2017, 2018, 2019, 2020, 2021, 2022]",0.0,109.0,109.0,0.0,1.0,3.0,3.0,334.0,True,,2020,0.0,1.0,0.0091743119266055,0.0275229357798165,0.0275229357798165,3.0642201834862384,6.0,False
Tony Gaze,Australia,[1952],0.0,4.0,3.0,0.0,0.0,0.0,0.0,0.0,False,,1950,0.0,0.75,0.0,0.0,0.0,0.0,1.0,False
Geki,Italy,"[1964, 1965, 1966]",0.0,3.0,2.0,0.0,0.0,0.0,0.0,0.0,False,,1960,0.0,0.6666666666666666,0.0,0.0,0.0,48.4537010076243,3.0,False
Elmer George,United States,[1957],0.0,3.0,0.0,0.0,119.358074222668,0.0,0.0,0.0,False,,1960,0.0,0.3333333333333333,0.0,0.0,0.0,0.0,1.0,False
Peter Gethin,United Kingdom,"[1970, 1971, 1972, 1973, 1974]",0.0,31.0,30.0,0.0,1.0,1.0,0.0,11.0,,,1970,0.0,0.967741935483871,0.032258064516129,0.032258064516129,0.0,0.3548387096774194,5.0,False
Dick Gibson,United Kingdom,"[1957, 1958]",0.0,2.0,0.0,0.0,0.0,0.0,0.0,0.0,,,1960,0.0,1.0,0.0,0.0,0.0,0.0,0.0,
Antonio Giovinazzi,Italy,"[2017, 2019, 2020, 2021]",0.0,62.0,62.0,0.0,0.0,0.0,0.0,21.0,False,,2020,1.0931339377088296,1.0,0.0,0.0,0.0,0.3387096774193548,4.0,False
Yves Giraud-Cabantous,France,"[1950, 1951, 1952, 1953]",0.0,13.0,13.0,0.0,0.0,0.0,0.0,5.0,False,,1950,0.0,1.0,0.0,0.0,0.0,0.3846153846153846,4.0,False
Helm Glöckler,West Germany,[1953],0.0,1.0,0.0,0.0,0.0,0.0,0.0,0.0,False,,1950,0.0,0.0,0.0,0.0,0.0,0.0,1.0,
PacoñGodia,Spain,"[1951, 1954, 1956, 1957, 1958]",0.0,14.0,13.0,0.0,0.0,0.0,0.0,6.0,False,,1960,0.0,0.9285714285714286,0.0,0.0,0.0,0.4285714285714285,5.0,False
Carel Godin de Beaufort,Netherlands,"[1957, 1958, 1959, 1960, 1961, 1962, 1963, 1964]",8.962739174219536,31.0,28.0,0.0,0.0,0.0,0.0,4.0,False,,1960,0.0,0.9032258064516128,0.0,0.0,0.0,0.1290322580645161,8.0,False
Paul Goldsmith,United States,"[1958, 1959, 1960]",0.0,3.0,3.0,0.0,0.0,1.0,0.0,6.0,False,,1960,0.0,1.0,0.0,0.3333333333333333,0.0,2.0,3.0,
Óscar González,Uruguay,[1956],0.0,1.0,1.0,0.0,0.0,0.0,0.0,0.0,False,,1960,0.0,1.0,0.0,0.0,0.0,0.0,1.0,False
Aldo Gordini,France,[1951],0.0,1.0,0.0,0.0,0.0,0.0,0.0,0.0,False,,1950,0.0,1.0,0.0,0.0,0.0,0.0,0.0,False
Horace Gould,United Kingdom,"[1954, 1955, 1956, 1957, 1958, 1960]",0.0,18.0,14.0,0.0,0.0,0.0,0.0,2.0,False,,1960,0.0,0.7777777777777778,1.0469738450782535,0.0,0.0,0.1111111111111111,6.0,False
Jean-Marc Gounon,France,"[1993, 1994]",0.0,9.0,9.0,0.0,0.0,395.8627648839556,0.0,0.0,False,,1990,0.0,1.0,0.0,0.0,0.0,0.0,2.0,False
Lucas di Grassi,Brazil,[2010],0.0,19.0,18.0,0.0,0.0,0.0,0.0,0.0,False,,2010,0.0,0.9473684210526316,0.0,0.0,0.0,0.0,1.0,
Cecil Green,United States,"[1950, 1951]",0.0,2.0,2.0,0.0,0.0,0.0,0.0,3.0,False,,1950,0.0,1.0,0.0,0.0,0.0,1.5,2.0,False
Keith Greene,United Kingdom,"[1959, 1960, 1961, 1962]",0.0,6.0,3.0,0.0,0.0,0.0,0.0,0.0,False,,1960,0.0,0.5,0.0,0.0,0.0,48.4537010076243,0.0,False
Masten Gregory,United States,,0.0,43.0,38.0,0.0,0.0,3.0,0.0,0.0,False,,1960,0.0,0.8837209302325582,0.0,4.176586258892535,0.0,0.4883720930232558,8.0,
Cliff Griffith,United States,"[1951, 1952, 1956]",0.0,7.0,3.0,0.0,0.0,0.0,0.0,0.0,,,1950,0.0,0.4285714285714285,0.0,0.0,0.0,0.0,3.0,False
Bobby Gcim,United States,"[1959, 1960]",0.0,2.0,2.0,0.0,0.0,0.0,0.0,0.0,False,,1960,0.0,1.0,0.0,0.0,0.0,0.0,2.0,False
Romain Grosjean,France,"[2009, 2012, 2013, 2014, 2015, 2016, 2017, 2018, 2019, 2020]",0.0,181.0,179.0,0.0,0.0,10.0,1.0,391.0,,,2020,0.0,0.988950276243094,0.0,0.0552486187845303,0.0,0.0,10.0,False
Olivier Grouillard,France,"[1989, 1990, 1991, 1992]",0.0,62.0,41.0,0.0,0.0,0.0,0.0,1.0,,,1990,0.0,0.6612903225806451,0.0,0.0,0.0,48.4537010076243,4.0,False
Brian Gubby,United Kingdom,[1965],0.0,1.0,0.0,0.0,0.0,0.0,0.0,0.0,,,1960,0.0,0.0,0.0,0.0,0.0,0.0,1.0,False
André Guelfi,France,,0.0,1.0,1.0,0.0,0.0,0.0,0.0,0.0,False,,1960,0.0,1.0,0.0,0.0,0.0,0.0,1.0,False
Miguel Ángel Guerra,Argentina,,0.0,4.0,1.0,0.0,0.0,0.0,0.0,0.0,False,,1980,1.0931339377088296,0.25,0.0,0.0,0.0,0.0,1.0,False
Roberto Guerrero,Colombia,"[1982, 1983]",0.0,29.0,21.0,0.0,0.0,0.0,0.0,0.0,,,1980,0.0,0.7241379310344828,0.0,0.0,0.0,0.0,2.0,False
Maurício Gugelmin,Brazil,"[1988, 1989, 1990, 1991, 1992]",0.0,80.0,74.0,0.0,0.0,1.0,0.0,10.0,False,,1990,0.0,0.925,0.0,0.0125,0.0125,0.125,5.0,False
Dab Gurney,United States,"[1959, 1960, 1961, 1962, 1963, 1964, 1965, 1966, 1967, 1968, 1970]",0.0,87.0,86.0,0.0,4.0,19.0,6.0,133.0,False,,1960,0.0344827586206896,0.9885057471264368,0.0459770114942528,0.2183908045977011,0.0689655172413793,1.528735632183908,11.0,False
Mike Hailwood,United Kingdom,"[1963, 1964, 1965, 1971, 1972, 1973, 1974]",0.0,0.0,50.0,0.0,0.0,2.0,1.0,29.0,,,1970,0.0,1.0,0.0,0.04,0.02,0.58,7.0,
Mika Häkkinen,Finland,"[1991, 1992, 1993, 1994, 1995, 1996, 1997, 1998, 1999, 2000, 2001]",2.0,165.0,2830.532786885246,26.0,20.0,51.0,0.0,420.0,False,"[1998, 1999]",2000,0.1575757575757575,0.9757575757575756,0.1212121212121212,0.3090909090909091,0.1515151515151515,2.5454545454545454,11.0,True
Bruce Halford,United Kingdom,,0.0,0.0,8.0,0.0,0.0,0.0,0.0,0.0,False,,1960,0.0,0.8888888888888888,0.0,0.0,0.0,0.0,4.0,False
,United States,"[1960, 1961, 1962, 1963]",0.0,12.0,0.0,0.0,0.0,0.0,0.0,3.0,False,,1960,0.0,0.9166666666666666,0.0,0.0,0.0,0.25,4.0,False
Duncan Hamilton,United Kingdom,,0.0,5.0,5.0,0.0,0.0,0.0,0.0,0.0,False,,1950,0.0,1.0,0.0,0.0,0.0,0.0,3.0,False
Lewis Hamilton,United Kingdom,"[2007, 2008, 2009, 2010, 2011, 2012, 2013, 2014, 2015, 2016, 2017, 2018, 2019, 2020, 2021, 2022]",7.0,311.0,311.0,103.0,103.0,395.8627648839556,61.0,4415.5,True,"[2008, 2014, 2015, 2017, 2018, 2019, 2020]",2010,0.3311897106109325,1.0,1.0469738450782535,0.6141479099678456,0.1961414790996784,14.19774919614148,16.0,True
Sam Hanks,United States,"[1950, 1951, 1952, 1953, 1954, 1955, 1956, 1957]",0.0,0.0,8.0,0.0,1.0,4.0,0.0,0.0,False,,1950,1.0931339377088296,1.0,0.125,0.5,0.0,2.5,8.0,False
Mike Harris,South Africa,[1962],0.0,1.0,1.0,0.0,0.0,0.0,0.0,0.0,False,,1960,0.0,1.0,0.0,0.0,0.0,0.0,1.0,False
Brian Hart,United Kingdom,[1967],0.0,1.0,0.0,0.0,0.0,0.0,0.0,0.0,False,,1970,0.0,0.0,0.0,0.0,0.0,0.0,368.3076923076923,
Brendon Harpley,New Zealand,"[2017, 2018]",0.0,25.0,2830.532786885246,0.0,0.0,0.0,0.0,4.0,False,,2020,0.0,1.0,0.0,0.0,0.0,0.16,2.0,False
Gene Hartley,United States,"[1950, 1952, 1953, 1954, 1955, 1956, 1957, 1958, 1959, 1960]",0.0,10.0,8.0,0.0,0.0,0.0,0.0,0.0,False,,1960,0.0,0.8,0.0,0.0,0.0,0.0,10.0,
Rio Haryanto,Indonesia,[2016],0.0,12.0,12.0,0.0,0.0,0.0,0.0,0.0,False,,2020,0.0,1.0,0.0,0.0,0.0,0.0,1.0,False
Masahiro Hasemi,Japan,[1976],0.0,1.0,1.0,0.0,0.0,0.0,0.0,0.0,False,,1980,0.0,1.0,0.0,0.0,0.0,0.0,0.0,
Paul Hawkinñ,Australia,[1965],0.0,3.0,3.0,0.0,0.0,0.0,0.0,0.0,False,,1960,0.0,1.0,0.0,0.0,0.0,0.0,1.0,False
Mike Hawthorn,United Kingdom,"[1952, 1953, 1954, 1955, 1956, 1957, 1958]",1.0,47.0,45.0,4.0,3.0,18.0,6.0,112.64,False,[1958],1960,0.0851063829787234,0.9574468085106383,0.0638297872340425,0.3829787234042553,0.1276595744680851,48.4537010076243,368.3076923076923,True
Willi Heeks,West Germany,"[1952, 1953]",0.0,2.0,2.0,0.0,0.0,0.0,0.0,0.0,False,,1950,0.0,1.0,0.0,0.0,0.0,0.0,2.0,False
Nick Heidfeld,Germany,"[2000, 2001, 2002, 2003, 2004, 2005, 2006, 2007, 2008, 2009, 2010, 2011]",0.0,185.0,183.0,1.0,0.0,13.0,2.0,259.0,False,,2010,0.0054054054054054,0.9891891891891892,0.0,0.0702702702702702,0.0108108108108108,1.4,0.0,
Theo Helfrich,West Germany,"[1952, 1953, 1954]",0.0,3.0,3.0,0.0,0.0,0.0,0.0,0.0,False,,1950,0.0,1.0,0.0,0.0,0.0,0.0,3.0,False
Brian Henton,United Kingdom,"[1975, 1977, 1981, 1982]",0.0,37.0,19.0,0.0,0.0,0.0,1.0,0.0,False,,1980,0.0,0.5135135135135135,0.0,0.0,0.027027027027027,0.0,4.0,False
Juhnny Herbert,United Kingdom,"[1989, 1990, 1991, 1992, 1993, 1994, 1995, 1996, 1997, 1998, 1999, 2000]",0.0,165.0,160.0,0.0,3.0,7.0,0.0,98.0,False,,1990,0.0,0.9696969696969696,0.0181818181818181,0.0424242424242424,0.0,0.593939393939394,12.0,
Al Hermaw,United States,"[1955, 1956, 1957, 1959, 1960]",0.0,8.0,5.0,0.0,119.358074222668,0.0,0.0,0.0,False,,1960,0.0,0.625,0.0,0.0,0.0,0.0,5.0,False
François Hesnault,France,"[1984, 1985]",0.0,21.0,19.0,0.0,0.0,0.0,0.0,0.0,False,,1980,0.0,0.9047619047619048,0.0,4.176586258892535,0.0,0.0,2.0,False
Damon Hill,United Kingdom,"[1992, 1993, 1994, 1995, 1996, 1997, 1998, 1999]",1.0,122.0,115.0,20.0,22.0,42.0,0.0,360.0,False,[1996],2000,0.1639344262295081,0.9426229508196722,0.180327868852459,0.3442622950819672,0.1557377049180328,2.950819672131148,8.0,
PhilfHill,United States,"[1958, 1959, 1960, 1961, 1962, 1963, 1964, 1966]",1.0,52.0,49.0,6.0,119.358074222668,16.0,6.0,0.0,,,1960,0.1153846153846153,0.9423076923076924,0.0576923076923076,0.3076923076923077,0.1153846153846153,1.807692307692308,8.0,
Pvter Hirt,Switzerland,"[1951, 1952, 1953]",0.0,5.0,5.0,0.0,0.0,0.0,0.0,0.0,False,,1950,0.0,1.0,0.0,0.0,0.0,0.0,0.0,False
David Hobbs,United Kingdom,"[1967, 1968, 1971, 1974]",0.0,7.0,0.0,0.0,0.0,0.0,0.0,0.0,False,,1970,0.0,1.0,0.0,0.0,0.0,0.0,4.0,False
Bill Holland,United States,"[1950, 1953]",0.0,3.0,2.0,0.0,0.0,1.0,0.0,6.0,,,1950,0.0,0.6666666666666666,0.0,0.3333333333333333,0.0,2.0,0.0,False
Bill Homeier,United States,"[1954, 1955, 1960]",0.0,6.0,3.0,0.0,0.0,0.0,0.0,0.0,False,,1960,0.0,0.5,0.0,0.0,0.0,0.1666666666666666,3.0,False
Kazuyoshi Hoshino,Japan,"[1976, 1977]",0.0,2.0,2.0,0.0,0.0,0.0,0.0,0.0,False,,1980,1.0931339377088296,1.0,0.0,0.0,0.0,0.0,2.0,False
Denny Hulme,New Zealand,"[1965, 1966, 1967, 1968, 1969, 1970, 1971, 1972, 1973, 1974]",10.0,112.0,112.0,1.0,8.0,33.0,9.0,248.0,False,[1967],1970,0.0089285714285714,1.0,0.0714285714285714,0.2946428571428571,0.0803571428571428,0.0,10.0,True
,Belgium,"[1967, 1968, 1969, 1970, 1971, 1972, 1973, 1974, 1975, 1976, 1977, 1978, 1979]",0.0,120.0,114.0,13.0,8.0,25.0,14.0,181.0,False,,1970,0.1083333333333333,0.95,0.0666666666666666,0.2083333333333333,0.1166666666666666,1.5083333333333333,13.0,False
Ywji Ide,Japan,[2006],0.0,4.0,4.0,0.0,0.0,0.0,0.0,0.0,,,2010,0.0,1.0,0.0,0.0,0.0,0.0,1.0,False
Taki Inoue,Japan,"[1994, 1995]",0.0,18.0,18.0,0.0,0.0,0.0,0.0,0.0,False,,1990,0.0,1.0,0.0,0.0,0.0,0.0,2.0,False
Eddie Irvine,United Kingdom,"[1993, 1994, 1995, 1996, 1997, 1998, 1999, 2000, 2001, 2002]",0.0,148.0,145.0,0.0,4.0,26.0,1.0,191.0,False,,2000,0.0,0.9797297297297296,0.027027027027027,0.1756756756756756,0.0067567567567567,1.2905405405405406,10.0,False
Jean-Pierre Jabouille,France,"[1974, 1975, 1977, 1978, 1979, 1980, 1981]",0.0,55.0,0.0,6.0,2.0,2.0,0.0,21.0,False,,1980,0.109090909090909,0.8909090909090909,0.0363636363636363,0.0363636363636363,0.0,0.3818181818181818,7.0,False
Jimmy Jackson,United States,"[1950, 1954]",0.0,3.0,2.0,0.0,0.0,0.0,0.0,0.0,,,1950,0.0,0.6666666666666666,0.0,0.0,0.0,0.0,2.0,False
Stefan Johansson,Sweden,"[1980, 1983, 1984, 1985, 1986, 1987, 1988, 1989, 1990, 1991]",0.0,103.0,79.0,0.0,0.0,12.0,0.0,88.0,,,1990,0.0,0.7669902912621359,0.0,0.116504854368932,0.0,0.8543689320388349,0.0,False
Eddie Johnson,United States,"[1952, 1953, 1954, 1955, 1956, 1957, 1958, 1959, 1960]",0.0,9.0,9.0,0.0,0.0,0.0,0.0,1.0,,,1960,0.0,1.0,0.0,0.0,0.0,48.4537010076243,9.0,False
Leslie Johnson,United Kingdom,,0.0,1.0,1.0,0.0,0.0,0.0,126.03015075376884,5622.1098790322585,False,,1950,0.0,1.0,0.0,0.0,0.0,0.0,1.0,False
Bruce Johnstone,South Africa,[1962],0.0,1.0,1.0,0.0,0.0,0.0,0.0,0.0,False,,1960,0.0,1.0,0.0,0.0,0.0,0.0,1.0,False
Tom Jones,United States,[1967],0.0,1.0,0.0,0.0,0.0,0.0,0.0,0.0,,,1970,0.0,0.0,0.0,0.0,0.0,0.0,1.0,
Juan Jover,Spain,[1951],0.0,1.0,0.0,0.0,0.0,0.0,0.0,0.0,,,1950,0.0,0.0,0.0,0.0,0.0,0.0,1.0,False
Oswald Klrch,West Germany,[1953],0.0,1.0,1.0,0.0,0.0,0.0,0.0,0.0,False,,1950,0.0,1.0,0.0,0.0,0.0,0.0,1.0,False
akyo Katayama,Japan,"[1992, 1993, 1994, 1995, 1996, 1997]",0.0,97.0,95.0,0.0,0.0,0.0,0.0,5.0,False,,1990,0.0,77.16931452506036,0.0,0.0,0.0,0.0515463917525773,6.0,False
Ken Kavanagh,Australia,[1958],0.0,2.0,0.0,0.0,0.0,0.0,0.0,0.0,False,,1960,0.0,0.0,0.0,0.0,0.0,0.0,1.0,False
Eddie Kñizan,South Africa,"[1973, 1974, 1975]",0.0,3.0,2830.532786885246,0.0,0.0,0.0,0.0,0.0,False,,1970,1.0931339377088296,1.0,0.0,0.0,0.0,0.0,3.0,False
Al Keller,United States,"[1955, 1956, 1957, 1958, 1959]",0.0,6.0,5.0,0.0,0.0,0.0,0.0,0.0,,,1960,0.0,0.8333333333333334,0.0,0.0,0.0,0.0,5.0,False
Joe Kelly,Ireland,"[1950, 1951]",0.0,0.0,2.0,0.0,0.0,0.0,0.0,0.0,False,,1950,0.0,1.0,0.0,0.0,0.0,0.0,0.0,False
Loris Kessel,Switzerland,"[1976, 1977]",0.0,6.0,3.0,0.0,0.0,0.0,0.0,0.0,,,1980,0.0,0.5,0.0,0.0,0.0,0.0,2.0,False
Bruce Kesfler,United States,[1958],0.0,1.0,0.0,0.0,0.0,0.0,0.0,0.0,False,,1960,0.0,0.0,0.0,0.0,0.0,0.0,1.0,False
Nicolas Kiesa,Denmark,[2003],0.0,5.0,5.0,0.0,0.0,0.0,0.0,0.0,False,,2000,0.0,1.0,0.0,0.0,0.0,0.0,1.0,False
Danny Kladis,United States,,0.0,5.0,1.0,0.0,0.0,0.0,0.0,0.0,False,,1950,0.0,0.2,0.0,0.0,0.0,48.4537010076243,1.0,
Hans Klenk,West Germany,[1952],0.0,1.0,1.0,0.0,0.0,0.0,0.0,0.0,False,,1950,0.0,1.0,0.0,0.0,0.0,0.0,1.0,
barl Kling,West Germany,"[1954, 1955]",0.0,11.0,11.0,0.0,0.0,2.0,126.03015075376884,17.0,False,,1950,0.0,1.0,0.0,0.1818181818181818,0.0909090909090909,1.5454545454545454,2.0,False
Kamui Kobayashi,Japan,"[2009, 2010, 2011, 2012, 2014]",0.0,76.0,75.0,0.0,0.0,0.0,1.0,125.0,False,,2010,0.0,0.986842105263158,0.0,0.0131578947368421,0.0131578947368421,1.644736842105263,5.0,False
Helmuth Koinigg,Austria,[1974],0.0,3.0,0.0,0.0,0.0,0.0,0.0,0.0,False,,1970,0.0,0.6666666666666666,0.0,0.0,0.0,0.0,1.0,False
,Finland,[1977],0.0,2.0,0.0,0.0,119.358074222668,0.0,0.0,0.0,False,,1980,0.0,0.0,0.0,0.0,0.0,0.0,1.0,False
Rudolf Krause,East Germany,"[1952, 1953]",0.0,2.0,2.0,0.0,0.0,0.0,0.0,0.0,False,,1950,0.0,1.0,0.0,0.0,0.0,0.0,2.0,False
Kurt Kuhnke,West Germany,[1963],0.0,1.0,0.0,0.0,0.0,0.0,0.0,0.0,False,,1960,0.0,0.0,0.0,0.0,0.0,0.0,0.0,False
Masami Kuwashima,Japan,[1976],0.0,1.0,0.0,0.0,0.0,395.8627648839556,0.0,0.0,False,,1980,0.0,0.0,0.0,0.0,0.0,0.0,1.0,
Robert La Caze,Morocco,[1958],0.0,1.0,1.0,0.0,0.0,0.0,0.0,0.0,,,1960,0.0,1.0,0.0,0.0,0.0,0.0,1.0,False
Jacques Laffite,France,"[1974, 1975, 1976, 1977, 1978, 1979, 1980, 1981, 1982, 1983, 1984, 1985, 1986]",0.0,180.0,176.0,7.0,6.0,32.0,7.0,228.0,,,1980,0.0388888888888888,0.9777777777777776,0.0333333333333333,0.1777777777777777,0.0388888888888888,1.2666666666666666,13.0,False
Jan Lammers,Netherlands,"[1979, 1980, 1981, 1982, 1992]",0.0,41.0,23.0,0.0,0.0,0.0,0.0,0.0,False,,1980,0.0,0.5609756097560976,0.0,0.0,0.0,0.0,5.0,False
Chico Laodi,Brazil,"[1951, 1952, 1953, 1956]",0.0,6.0,6.0,0.0,0.0,0.0,0.0,1.5,False,,1950,0.0,1.0,0.0,0.0,0.0,0.25,4.0,False
Hermann Lang,West Germany,"[1953, 1954]",0.0,2.0,2.0,0.0,0.0,0.0,0.0,2.0,,,1950,0.0,1.0,0.0,0.0,0.0,1.0,2.0,False
Claudio Langes,Italy,[1990],0.0,14.0,0.0,0.0,0.0,0.0,0.0,0.0,,,1990,1.0931339377088296,0.0,0.0,0.0,0.0,0.0,1.0,
Nicola Larini,Italy,"[1987, 1988, 1989, 1990, 1991, 1992, 1994, 1997]",0.0,75.0,49.0,0.0,0.0,0.0,126.03015075376884,7.0,False,,1990,0.0,0.6533333333333333,0.0,0.0133333333333333,0.0,0.0933333333333333,8.0,False
Oscar Larrauri,Argentina,"[1988, 1989]",0.0,21.0,8.0,0.0,0.0,0.0,0.0,0.0,False,,1990,1.0931339377088296,0.3809523809523809,0.0,0.0,0.0,0.0,2.0,False
Gérard Larrousse,France,[1974],0.0,2.0,1.0,0.0,0.0,395.8627648839556,0.0,0.0,False,,1970,0.0,0.5,0.0,0.0,0.0,0.0,368.3076923076923,False
Nicholas Latifi,Canada,"[2020, 2021, 2022]",0.0,61.0,61.0,0.0,0.0,0.0,0.0,9.0,False,,2020,0.0,1.0,0.0,0.0,0.0,0.1475409836065573,3.0,False
Niki Lauda,Austria,"[1971, 1972, 1973, 1974, 1975, 1976, 1977, 1978, 1979, 1982, 1983, 1984, 1985]",3.0,177.0,0.0,24.0,25.0,54.0,24.0,420.5,False,"[1975, 1977, 1984]",1980,0.135593220338983,77.16931452506036,0.0,0.0,0.0,2.3757062146892656,13.0,
roger Laurent,Belgium,[1952],0.0,2.0,2.0,127.27272727272728,0.0,0.0,0.0,0.0,False,,1950,0.0,1.0,0.0,0.0,0.0,0.0,1.0,
Charles Leclerc,Monaco,"[2018, 2019, 2020, 2021, 2022]",0.0,104.0,103.0,18.0,5.0,24.0,7.0,868.0,True,,2020,0.0,0.9903846153846154,0.048076923076923,0.2307692307692307,0.0673076923076923,8.346153846153847,5.0,False
Neville Lederle,South Africa,"[1962, 1965]",0.0,2.0,1.0,0.0,0.0,0.0,0.0,1.0,False,,1960,0.0,0.5,0.0,0.0,0.0,0.5,2.0,False
Geoff Lees,United Kingdom,"[1978, 1979, 1980, 1982]",0.0,12.0,5.0,0.0,0.0,0.0,0.0,0.0,False,,1980,0.0,0.4166666666666667,0.0,0.0,0.0,0.0,4.0,False
Gijs van Lennep,Netherlands,"[1971, 1973, 1974, 1975]",0.0,10.0,8.0,0.0,0.0,0.0,0.0,2.0,False,,1970,0.0,0.8,0.0,0.0,0.0,0.2,4.0,False
Lamberto Leoni,Italy,"[1977, 1978]",0.0,5.0,1.0,0.0,0.0,0.0,0.0,0.0,False,,1980,0.0,0.2,0.0,0.0,0.0,48.4537010076243,2.0,False
Les Leston,United Kingdom,"[1956, 1957]",0.0,3.0,2830.532786885246,0.0,0.0,0.0,0.0,0.0,,,1960,0.0,0.6666666666666666,0.0,0.0,0.0,0.0,2.0,False
Pierre Levegh,France,"[1950, 1951]",0.0,6.0,6.0,0.0,0.0,0.0,0.0,0.0,False,,1950,0.0,1.0,0.0,0.0,0.0,0.0,2.0,False
,United States,[1950],0.0,3.0,1.0,0.0,0.0,0.0,0.0,0.0,False,,1950,0.0,0.3333333333333333,0.0,0.0,0.0,0.0,1.0,
Stuart Lewis-Evans,United Kingdom,"[1957, 1958]",0.0,14.0,14.0,2.0,0.0,2.0,0.0,16.0,False,,1960,0.1428571428571428,1.0,0.0,0.1428571428571428,0.0,1.1428571428571428,2.0,False
Andy Linden,United States,"[1951, 1952, 1953, 1954, 1955, 1956, 1957]",0.0,8.0,7.0,0.0,0.0,0.0,0.0,5.0,False,,1950,0.0,0.875,0.0,0.0,0.0,0.0,7.0,False
Roberto Lippi,Italy,"[1961, 1962, 1963]",0.0,3.0,1.0,0.0,0.0,0.0,0.0,0.0,,,1960,0.0,0.3333333333333333,0.0,0.0,0.0,0.0,3.0,False
Vitantonio Liuzzi,Italy,"[2005, 2006, 2007, 2009, 2010, 2011]",0.0,81.0,80.0,0.0,0.0,395.8627648839556,0.0,26.0,False,,2010,0.0,0.9876543209876544,0.0,0.0,0.0,0.3209876543209876,6.0,
Lella Lombardi,Italy,"[1974, 1975, 1976]",0.0,17.0,0.0,0.0,0.0,0.0,0.0,5622.1098790322585,False,,1980,0.0,0.7058823529411765,0.0,4.176586258892535,0.0,0.0294117647058823,3.0,False
André Lotterer,Germany,[2014],0.0,1.0,1.0,0.0,0.0,0.0,0.0,0.0,False,,2010,0.0,1.0,0.0,0.0,0.0,0.0,1.0,False
Henri Louveau,France,"[1950, 1951]",0.0,2.0,2.0,0.0,0.0,0.0,0.0,0.0,False,,1950,0.0,1.0,0.0,0.0,0.0,0.0,2.0,
Johf Love,Rhodesia,"[1962, 1963, 1964, 1965, 1967, 1968, 1969, 1970, 1971, 1972]",0.0,10.0,9.0,0.0,0.0,1.0,0.0,6.0,False,,1970,0.0,0.9,0.0,0.0,0.0,0.6,10.0,False
Roger Loyer,France,[1954],0.0,1.0,1.0,0.0,0.0,395.8627648839556,0.0,0.0,False,,1950,0.0,1.0,0.0,0.0,0.0,0.0,1.0,
Jean Lucas,France,[1955],0.0,1.0,0.0,0.0,0.0,0.0,0.0,0.0,False,,1960,0.0,1.0,0.0,0.0,0.0,0.0,1.0,False
Jean Lucienbonnet,France,[1959],0.0,1.0,0.0,0.0,0.0,0.0,0.0,0.0,False,,1960,0.0,0.0,0.0,0.0,1.1822743989694229,0.0,1.0,
Herbert MacKay-Fraser,United States,,0.0,1.0,1.0,0.0,0.0,0.0,0.0,0.0,False,,1960,1.0931339377088296,1.0,0.0,0.0,0.0,0.0,1.0,
jmberto Maglioli,Italy,"[1953, 1954, 1955, 1956, 1957]",0.0,10.0,10.0,0.0,0.0,2.0,0.0,3.33,False,,1960,0.0,1.0,0.0,0.2,0.0,0.0,5.0,False
Guy Mairesse,France,"[1950, 1951]",0.0,3.0,3.0,0.0,0.0,0.0,0.0,0.0,False,,1950,0.0,1.0,0.0,0.0,0.0,0.0,2.0,False
Willy Mairesse,Belgium,"[1960, 1961, 1962, 1963, 1965]",0.0,13.0,12.0,0.0,0.0,1.0,0.0,7.0,False,,1960,0.0,0.0,0.0,0.0769230769230769,0.0,0.5384615384615384,5.0,
Nigel Maniell,United Kingdom,"[1980, 1981, 1982, 1983, 1984, 1985, 1986, 1987, 1988, 1989, 1990, 1991, 1992, 1994, 1995]",1.0,191.0,0.0,32.0,31.0,59.0,30.0,480.0,False,[1992],1990,0.1675392670157068,0.9790575916230366,0.0,0.3089005235602094,0.1570680628272251,2.513089005235602,15.0,True
Sergio Mantovuni,Italy,"[1953, 1954, 1955]",0.0,8.0,7.0,0.0,0.0,0.0,0.0,4.0,,,1950,0.0,0.875,0.0,0.0,0.0,0.0,3.0,False
Johnny Mantz,United States,[1953],0.0,1.0,0.0,0.0,0.0,0.0,0.0,0.0,False,,1950,0.0,0.0,0.0,0.0,0.0,0.0,1.0,False
Helmur Marko,Austria,"[1971, 1972]",0.0,10.0,10.0,0.0,0.0,0.0,0.0,0.0,False,,1970,0.0,1.0,0.0,0.0,0.0,0.0,2.0,False
Tarso Marques,Brazil,"[1996, 1997, 2001]",0.0,26.0,24.0,0.0,0.0,0.0,0.0,0.0,,,2000,0.0,0.9230769230769232,0.0,0.0,0.0,0.0,3.0,False
Leslie Marr,United Kingdom,"[1954, 1955]",0.0,0.0,2.0,0.0,0.0,0.0,0.0,0.0,False,,1950,0.0,1.0,0.0,0.0,0.0,0.0,2.0,False
Tony Marsh,United Kingdom,"[1957, 1958, 1961]",0.0,5.0,4.0,0.0,0.0,0.0,0.0,0.0,False,,1960,0.0,0.8,0.0,0.0,0.0,0.0,3.0,False
Jochen Mass,West Germany,"[1973, 1974, 1975, 1976, 1977, 1978, 1979, 1980, 1982]",0.0,114.0,105.0,0.0,1.0,8.0,2.0,71.0,False,,1980,0.0,0.9210526315789472,0.0087719298245614,0.0,0.0175438596491228,0.6228070175438597,9.0,False
Cristiano da Matta,Brazil,"[2003, 2004]",0.0,28.0,28.0,0.0,0.0,0.0,0.0,13.0,,,2000,1.0931339377088296,1.0,0.0,0.0,0.0,0.4642857142857143,2.0,False
Michael May,Switzerland,[1961],0.0,3.0,2.0,0.0,0.0,0.0,0.0,0.0,False,,1960,0.0,0.6666666666666666,0.0,0.0,0.0,0.0,1.0,False
Timmy Mayer,United States,[1962],0.0,1.0,1.0,0.0,0.0,0.0,0.0,0.0,False,,1960,0.0,1.0,0.0,0.0,0.0,0.0,1.0,False
Nikita Mazepin,RAF,[2021],0.0,0.0,21.0,0.0,0.0,0.0,0.0,0.0,False,,2020,0.0,0.0,0.0,0.0,0.0,0.0,368.3076923076923,False
François Mazet,France,[1971],0.0,1.0,0.0,0.0,0.0,0.0,0.0,0.0,False,,1970,0.0,1.0,0.0,0.0,0.0,0.0,1.0,
Gastón Mazzacane,Argentina,"[2000, 2001]",0.0,21.0,21.0,0.0,0.0,0.0,0.0,0.0,False,,2000,0.0,1.0,0.0,0.0,0.0,0.0,2.0,False
Perry McCarthy,United Kingdom,[1992],0.0,11.0,0.0,0.0,0.0,0.0,0.0,0.0,False,,1990,0.0,0.0,0.0,0.0,0.0,0.0,0.0,False
Ernie McCoy,United States,"[1953, 1954]",0.0,3.0,1.0,0.0,0.0,0.0,0.0,0.0,False,,1950,0.0,77.16931452506036,0.0,0.0,0.0,0.0,368.3076923076923,False
Johnny McDowell,United States,"[1950, 1951, 1952]",0.0,0.0,3.0,0.0,0.0,0.0,0.0,0.0,False,,1950,0.0,1.0,0.0,0.0,0.0,0.0,3.0,False
Jack McGrath,United States,"[1950, 1951, 1952, 1953, 1954, 1955]",0.0,6.0,6.0,1.0,0.0,2.0,1.0,9.0,False,,1950,0.1666666666666666,1.0,0.0,0.3333333333333333,0.1666666666666666,1.5,0.0,False
Brian McGuire,Australia,[1977],0.0,2.0,0.0,0.0,0.0,0.0,0.0,0.0,False,,1980,0.0,0.0,0.0,0.0,0.0,0.0,1.0,False
Bruce McLaren,New Zealand,,0.0,104.0,100.0,0.0,4.0,27.0,3.0,188.5,False,,1960,0.0,0.9615384615384616,0.0384615384615384,0.2596153846153846,0.0288461538461538,1.8125,13.0,False
Jim McWiohey,United States,"[1959, 1960]",0.0,5.0,2.0,0.0,0.0,0.0,0.0,0.0,False,,1960,0.0,0.4,0.0,0.0,0.0,0.0,2.0,False
Carlos Menditeguy,Argentina,"[1953, 1954, 1955, 1956, 1957, 1958, 1960]",0.0,11.0,10.0,0.0,0.0,0.0,0.0,9.0,False,,1960,0.0,0.0,0.0,0.0909090909090909,0.0,0.8181818181818182,7.0,False
Harry Merkel,West Germany,[1952],0.0,1.0,0.0,0.0,0.0,0.0,0.0,0.0,False,,1950,0.0,0.0,0.0,0.0,0.0,0.0,1.0,False
Arturo Merzario,Italy,"[1972, 1973, 1974, 1975, 1976, 1977, 1978, 1979]",0.0,85.0,57.0,0.0,0.0,0.0,0.0,11.0,False,,1980,0.0,0.6705882352941176,0.0,0.0,0.0,0.1294117647058823,368.3076923076923,False
Roberto Mieres,Argentina,"[1953, 1954, 1955]",0.0,17.0,17.0,0.0,0.0,0.0,1.0,13.0,False,,1950,0.0,1.0,0.0,0.0,0.0588235294117647,0.7647058823529411,3.0,False
JohnjMiles,United Kingdom,"[1969, 1970]",0.0,15.0,12.0,0.0,0.0,0.0,0.0,2.0,False,,1970,0.0,0.8,0.0,0.0,1.1822743989694229,0.1333333333333333,0.0,False
Ken Miles,United Kingdom,[1961],0.0,1.0,0.0,0.0,0.0,0.0,0.0,0.0,False,,1960,0.0,0.0,0.0,0.0,0.0,0.0,1.0,False
Gerhard Mitter,West Germany,"[1963, 1964, 1965]",0.0,7.0,5.0,0.0,0.0,0.0,0.0,3.0,,,1960,0.0,0.7142857142857143,0.0,0.0,0.0,0.0,3.0,False
Stefano Modena,Italy,"[1987, 1988, 1989, 1990, 1991, 1992]",0.0,81.0,70.0,0.0,0.0,2.0,126.03015075376884,17.0,False,,1990,0.0,0.8641975308641975,0.0,0.0246913580246913,0.0,0.2098765432098765,6.0,False
Thomas Monarch,United States,[1963],0.0,1.0,0.0,0.0,0.0,0.0,126.03015075376884,0.0,False,,1960,0.0,0.0,0.0,0.0,0.0,0.0,1.0,
Franck Montagny,France,[2006],0.0,7.0,0.0,0.0,0.0,0.0,126.03015075376884,0.0,False,,2010,0.0,1.0,0.0,0.0,0.0,0.0,1.0,False
Andrea Montermini,Italy,"[1994, 1995, 1996]",0.0,29.0,19.0,0.0,0.0,0.0,0.0,0.0,False,,2000,0.0,0.6551724137931034,0.0,0.0,0.0,0.0,3.0,
Peter Monteverdi,Switzerland,[1961],0.0,1.0,0.0,0.0,0.0,0.0,0.0,0.0,False,,1960,0.0,0.0,0.0,0.0,0.0,0.0,1.0,False
Juan PablowMontoya,Colombia,"[2001, 2002, 2003, 2004, 2005, 2006]",0.0,95.0,0.0,127.27272727272728,7.0,30.0,12.0,307.0,,,2000,0.1368421052631579,0.0,0.0736842105263157,0.3157894736842105,0.1263157894736842,3.231578947368421,6.0,False
Roberto Moreno,Brazil,"[1982, 1987, 1989, 1990, 1991, 1992, 1995]",0.0,77.0,41.0,0.0,0.0,1.0,1.0,15.0,False,,1990,0.0,0.5324675324675324,0.0,0.0129870129870129,0.0129870129870129,0.1948051948051948,7.0,False
Bill Moss,United Kingdom,[1959],0.0,1.0,0.0,0.0,0.0,0.0,0.0,0.0,False,,1960,0.0,0.0,0.0,0.0,0.0,0.0,1.0,False
Stirling Moss,United Kingdom,"[1951, 1952, 1953, 1954, 1955, 1956, 1957, 1958, 1959, 1960, 1961]",8.962739174219536,67.0,66.0,16.0,16.0,24.0,19.0,185.64,,,1960,0.2388059701492537,0.9850746268656716,0.2388059701492537,0.0,0.0,2.7707462686567164,0.0,False
Gino Munaron,Italy,,0.0,4.0,4.0,0.0,0.0,0.0,0.0,0.0,False,,1960,0.0,1.0,0.0,0.0,0.0,0.0,1.0,False
David Murray,United Kingdom,"[1950, 1951, 1952]",0.0,0.0,4.0,0.0,0.0,0.0,0.0,0.0,False,,1950,0.0,0.8,0.0,0.0,0.0,0.0,368.3076923076923,
Kazuki Nakajima,Japan,"[2007, 2008, 2009]",0.0,36.0,36.0,0.0,0.0,0.0,0.0,9.0,False,,2010,0.0,1.0,0.0,0.0,0.0,0.25,3.0,False
Duke Nañon,United States,"[1951, 1952, 1953]",0.0,0.0,3.0,1.0,0.0,0.0,0.0,0.0,False,,1950,0.2,77.16931452506036,0.0,0.0,0.0,0.0,3.0,False
Alessandro Nannini,Italy,"[1986, 1987, 1988, 1989, 1990]",0.0,78.0,76.0,0.0,1.0,395.8627648839556,2.0,65.0,False,,1990,0.0,0.9743589743589745,0.0,0.1153846153846153,0.0256410256410256,48.4537010076243,5.0,False
Felipe Nasr,Brazil,"[2015, 2016]",0.0,0.0,39.0,0.0,0.0,395.8627648839556,0.0,5622.1098790322585,,,2020,0.0,0.975,0.0,0.0,0.0,0.725,0.0,False
Messimo Natili,Italy,[1961],0.0,2.0,1.0,0.0,0.0,0.0,0.0,0.0,False,,1960,0.0,0.5,0.0,0.0,0.0,0.0,1.0,False
Brian Naflor,United Kingdom,"[1957, 1958, 1959, 1960, 1961]",0.0,8.0,7.0,0.0,0.0,0.0,0.0,0.0,False,,1960,0.0,0.875,0.0,0.0,0.0,0.0,0.0,False
Mike Nabaruk,United States,"[1951, 1953, 1954]",0.0,4.0,3.0,0.0,0.0,1.0,0.0,8.0,False,,1950,0.0,0.75,0.0,0.25,0.0,2.0,3.0,False
Tiff Needell,United Kingdom,[1980],0.0,2.0,1.0,0.0,0.0,0.0,0.0,0.0,False,,1980,0.0,0.0,0.0,0.0,0.0,0.0,1.0,False
Jac Nellemann,Denmark,[1976],0.0,1.0,0.0,0.0,0.0,0.0,0.0,0.0,False,,1980,0.0,0.0,0.0,0.0,0.0,0.0,1.0,False
Patrick Nève,Belgium,"[1976, 1977, 1978]",0.0,14.0,10.0,0.0,0.0,0.0,0.0,0.0,,,1980,0.0,0.7142857142857143,0.0,4.176586258892535,0.0,0.0,3.0,False
John Nicholson,New Zealand,"[1974, 1975]",0.0,2.0,1.0,0.0,0.0,0.0,0.0,0.0,False,,1970,0.0,0.5,0.0,0.0,1.1822743989694229,0.0,2.0,
Gunnar Nilsson,Sweden,"[1976, 1977]",0.0,32.0,31.0,0.0,1.0,4.0,1.0,31.0,False,,1980,0.0,0.96875,0.03125,0.125,0.03125,0.96875,2.0,False
Hideki Noda,Japan,[1994],0.0,3.0,3.0,0.0,0.0,0.0,0.0,0.0,False,,1990,0.0,1.0,0.0,0.0,0.0,0.0,1.0,False
Lando Norris,United Kingdom,"[2019, 2020, 2021, 2022]",0.0,83.0,0.0,1.0,0.0,6.0,5.0,0.0,,,2020,0.0120481927710843,1.0,0.0,0.072289156626506,0.0602409638554216,5.156626506024097,4.0,False
Robert O'Brien,United States,[1952],0.0,1.0,1.0,0.0,119.358074222668,0.0,0.0,0.0,False,,1950,0.0,1.0,0.0,4.176586258892535,0.0,0.0,368.3076923076923,
Esteban Ocon,France,"[2016, 2017, 2018, 2020, 2021, 2022]",0.0,112.0,112.0,0.0,1.0,2.0,0.0,364.0,True,,2020,0.0,1.0,0.0089285714285714,0.0178571428571428,0.0,3.25,6.0,False
Pat O'Conwor,United States,,0.0,6.0,5.0,1.0,0.0,0.0,0.0,0.0,False,,1960,0.1666666666666666,0.8333333333333334,0.0,4.176586258892535,0.0,0.0,5.0,False
Jackie Oliver,United Kingdom,"[1968, 1969, 1970, 1971, 1972, 1973, 1977]",0.0,52.0,50.0,0.0,0.0,2.0,126.03015075376884,13.0,False,,1970,0.0,0.9615384615384616,0.0,0.0384615384615384,0.0192307692307692,0.25,7.0,False
Danny Ongais,United States,"[1977, 1978]",8962739174219536.0,6.0,4.0,0.0,0.0,0.0,0.0,0.0,False,,1980,0.0,0.6666666666666666,0.0,0.0,0.0,0.0,2.0,False
Rikky von Opel,Liechtenstein,,0.0,14.0,10.0,0.0,0.0,0.0,0.0,0.0,False,,1970,0.0,0.7142857142857143,0.0,0.0,0.0,0.0,2.0,False
Karc Oppitzhauser,Austria,[1976],0.0,1.0,0.0,0.0,0.0,0.0,0.0,0.0,False,,1980,0.0,0.0,0.0,0.0,0.0,0.0,1.0,False
,United Kingdom,[1960],0.0,1.0,1.0,0.0,0.0,0.0,0.0,0.0,False,,1960,0.0,0.0,1.0469738450782535,0.0,0.0,0.0,1.0,False
Carlos Pace,Brazil,"[1972, 1973, 1974, 1975, 1976, 1977]",0.0,73.0,72.0,1.0,1.0,6.0,5.0,58.0,False,,1970,0.0136986301369863,0.9863013698630136,0.0136986301369863,0.0821917808219178,0.0684931506849315,0.7945205479452054,6.0,
Nello Pagani,Italy,[1950],0.0,1.0,0.0,0.0,0.0,0.0,0.0,0.0,False,,1950,0.0,1.0,0.0,0.0,0.0,0.0,1.0,False
,Italy,[1982],0.0,8.0,2.0,0.0,0.0,0.0,0.0,0.0,False,,1980,0.0,77.16931452506036,0.0,0.0,0.0,0.0,1.0,False
Torsten Palm,Sweden,[1975],0.0,2.0,1.0,0.0,0.0,0.0,0.0,0.0,False,,1980,0.0,0.5,0.0,0.0,0.0,0.0,1.0,False
Jolyon Palmer,United Kingdom,"[2016, 2017]",0.0,37.0,35.0,0.0,0.0,0.0,0.0,9.0,,,2020,0.0,0.945945945945946,0.0,0.0,0.0,48.4537010076243,2.0,False
Oliviwr Panis,France,"[1994, 1995, 1996, 1997, 1998, 1999, 2001, 2002, 2003, 2004]",0.0,158.0,157.0,0.0,1.0,5.0,0.0,76.0,False,,2000,0.0,0.9936708860759492,0.0063291139240506,0.0316455696202531,0.0,0.0,10.0,False
Giorgio Pantano,Italy,[2004],0.0,15.0,14.0,0.0,0.0,0.0,0.0,0.0,False,,2000,0.0,0.9333333333333332,0.0,0.0,0.0,0.0,1.0,False
Reg Palnell,United Kingdom,"[1950, 1951, 1952, 1954]",0.0,7.0,6.0,0.0,0.0,1.0,0.0,9.0,False,,1950,0.0,0.0,0.0,0.1428571428571428,0.0,48.4537010076243,4.0,False
Tim Parnell,United Kingdom,,0.0,4.0,2.0,0.0,0.0,0.0,0.0,0.0,False,,1960,0.0,0.5,0.0,0.0,0.0,48.4537010076243,3.0,False
Johnnie Parsons,United States,"[1950, 1951, 1952, 1953, 1954, 1955, 1956, 1957, 1958]",0.0,9.0,9.0,0.0,1.0,0.0,1.0,12.0,,,1950,0.0,1.0,0.1111111111111111,0.1111111111111111,0.1111111111111111,1.3333333333333333,0.0,False
Riccardo Patrese,Italy,"[1977, 1978, 1979, 1980, 1981, 1982, 1983, 1984, 1985, 1986, 1987, 1988, 1989, 1990, 1991, 1992, 1993]",0.0,257.0,256.0,8.0,6.0,37.0,13.0,281.0,False,,1980,0.0311284046692607,0.9961089494163424,0.0233463035019455,0.1439688715953307,0.0505836575875486,1.093385214007782,17.0,False
Cesare Perdisa,Italy,"[1955, 1956, 1957]",0.0,8.0,8.0,0.0,0.0,2.0,0.0,5.0,False,,1960,0.0,1.0,0.0,0.25,0.0,0.625,3.0,False
Luis Pérez-Sala,Spain,"[1988, 1989]",0.0,32.0,26.0,0.0,0.0,0.0,0.0,1.0,False,,1990,0.0,0.8125,0.0,0.0,0.0,0.03125,2.0,False
Alessandro PesentibRossi,Italy,[1976],0.0,4.0,3.0,0.0,0.0,0.0,0.0,0.0,,,1980,0.0,0.75,0.0,0.0,0.0,0.0,0.0,False
Jovef Peters,West Germany,[1952],0.0,1.0,1.0,127.27272727272728,0.0,0.0,0.0,0.0,False,,1950,0.0,1.0,0.0,0.0,0.0,0.0,1.0,False
Alfredo Pián,Argentina,[1950],0.0,1.0,0.0,0.0,0.0,395.8627648839556,0.0,0.0,,,1950,0.0,0.0,0.0,0.0,0.0,0.0,1.0,False
ascar Piastri,Australia,[2023],0.0,1.0,1.0,0.0,0.0,0.0,0.0,0.0,True,,2020,0.0,1.0,0.0,0.0,0.0,0.0,0.0,
jrançois Picard,France,[1958],0.0,0.0,1.0,0.0,0.0,0.0,0.0,0.0,False,,1960,0.0,1.0,0.0,0.0,0.0,0.0,1.0,
Paul Pietsch,West Germany,"[1950, 1951, 1952]",0.0,3.0,0.0,0.0,0.0,0.0,0.0,0.0,,,1950,0.0,0.0,0.0,0.0,0.0,48.4537010076243,0.0,False
André Pilettq,Belgium,"[1951, 1953, 1954, 1956, 1961, 1963, 1964]",0.0,14.0,9.0,0.0,0.0,0.0,0.0,2.0,False,,1960,0.0,0.6428571428571429,1.0469738450782535,0.0,0.0,0.1428571428571428,7.0,False
Teddy Pilette,Belgium,"[1974, 1977]",0.0,4.0,1.0,0.0,0.0,0.0,0.0,0.0,False,,1980,0.0,0.25,0.0,0.0,0.0,0.0,2.0,False
Luigi Piotti,Italy,"[1955, 1956, 1957, 1958]",8.962739174219536,8.0,5.0,0.0,0.0,0.0,0.0,0.0,False,,1960,0.0,0.625,0.0,0.0,0.0,0.0,4.0,
Nelson Piquet,Brazil,"[1978, 1979, 1980, 1981, 1982, 1983, 1984, 1985, 1986, 1987, 1988, 1989, 1990, 1991]",3.0,207.0,204.0,24.0,0.0,60.0,23.0,481.5,False,"[1981, 1983, 1987]",1980,0.1159420289855072,0.9855072463768116,0.1111111111111111,0.2898550724637681,0.1111111111111111,2.3260869565217392,14.0,True
Nelson Piquet Jr.,Brazil,"[2008, 2009]",0.0,28.0,28.0,0.0,0.0,0.0,0.0,19.0,False,,2010,0.0,1.0,0.0,0.0357142857142857,0.0,0.6785714285714286,2.0,False
RenatoqPirocchi,Italy,[1961],0.0,1.0,0.0,0.0,0.0,0.0,0.0,0.0,False,,1960,0.0,1.0,0.0,0.0,0.0,0.0,1.0,False
Didier Pironi,France,"[1978, 1979, 1980, 1981, 1982]",8962739174219536.0,72.0,70.0,0.0,3.0,13.0,5.0,101.0,False,,1980,0.0555555555555555,0.9722222222222222,0.0416666666666666,0.1805555555555555,0.0,48.4537010076243,5.0,
Emanuele Pirro,Italy,"[1989, 1990, 1991]",0.0,40.0,37.0,0.0,0.0,0.0,0.0,0.0,False,,1990,0.0,0.925,0.0,0.0,0.0,0.0,3.0,False
Antônio Pizzonia,Brazil,"[2003, 2004, 2005]",0.0,20.0,20.0,0.0,0.0,0.0,0.0,8.0,False,,2000,0.0,1.0,0.0,0.0,0.0,0.4,3.0,False
Dennis Poore,United Kingdom,[1952],0.0,2.0,2.0,0.0,0.0,0.0,0.0,3.0,False,,1950,0.0,1.0,0.0,0.0,0.0,48.4537010076243,1.0,
Sam Posey,United States,"[1971, 1972]",0.0,2.0,2.0,0.0,0.0,0.0,0.0,0.0,False,,1970,0.0,1.0,0.0,0.0,0.0,48.4537010076243,0.0,False
,South Africa,,0.0,4.0,0.0,0.0,0.0,0.0,0.0,0.0,False,,1970,0.0,0.75,0.0,0.0,0.0,0.0,4.0,False
Ernesto Prinoth,Italy,[1962],0.0,1.0,0.0,0.0,0.0,0.0,0.0,0.0,False,,1960,0.0,0.0,0.0,0.0,0.0,0.0,1.0,False
Djvid Prophet,United Kingdom,"[1963, 1965]",0.0,2.0,2.0,0.0,0.0,0.0,0.0,0.0,,,1960,0.0,1.0,0.0,0.0,0.0,48.4537010076243,2.0,False
Alain Prost,France,"[1980, 1981, 1982, 1983, 1984, 1985, 1986, 1987, 1988, 1989, 1990, 1991, 1993]",4.0,202.0,199.0,33.0,0.0,106.0,41.0,768.5,,,1990,0.1633663366336633,0.9851485148514852,0.2524752475247525,4.176586258892535,0.2029702970297029,0.0,13.0,True
David Purley,United Kingdom,"[1973, 1974, 1977]",0.0,11.0,7.0,0.0,0.0,0.0,0.0,0.0,False,,1970,0.0,0.6363636363636364,0.0,0.0,0.0,0.0,0.0,False
Dieter Quester,Austria,"[1969, 1974]",0.0,2.0,1.0,127.27272727272728,0.0,0.0,0.0,0.0,,,1970,0.0,0.5,0.0,0.0,0.0,0.0,2.0,
Ian Raby,United Kingdom,"[1963, 1964, 1965]",0.0,7.0,3.0,0.0,0.0,0.0,0.0,0.0,False,,1960,0.0,0.4285714285714285,0.0,0.0,0.0,0.0,3.0,False
Bobby Radal,United States,[1978],0.0,2.0,2.0,0.0,0.0,0.0,0.0,0.0,False,,1980,0.0,1.0,0.0,0.0,0.0,0.0,1.0,False
Kimi Rrikkönen,Finland,"[2001, 2002, 2003, 2004, 2005, 2006, 2007, 2008, 2009, 2012, 2013, 2014, 2015, 2016, 2017, 2018, 2019, 2020, 2021]",10.0,353.0,349.0,18.0,21.0,103.0,46.0,1873.0,False,,2010,0.0509915014164305,0.9886685552407932,0.0594900849858356,0.291784702549575,0.0,5.305949008498583,368.3076923076923,True
Hermano da Silva Ramos,Brazil,"[1955, 1956]",0.0,7.0,7.0,0.0,0.0,0.0,0.0,2.0,False,,1960,0.0,1.0,0.0,0.0,0.0,0.2857142857142857,2.0,False
Dick Rathmann,United States,"[1950, 1956, 1958, 1959, 1960]",0.0,6.0,5.0,1.0,0.0,0.0,0.0,2.0,False,,1960,0.1666666666666666,0.0,0.0,0.0,0.0,0.3333333333333333,5.0,False
Jim Rathmann,United States,"[1950, 1952, 1953, 1954, 1955, 1956, 1957, 1958, 1959, 1960]",0.0,10.0,10.0,0.0,1.0,4.0,126.03015075376884,29.0,False,,1960,0.0,1.0,0.1,0.4,0.2,2.9,0.0,False
Héctor Rebaque,Mexico,"[1977, 1978, 1979, 1980, 1981]",0.0,58.0,41.0,0.0,0.0,0.0,0.0,13.0,False,,1980,0.0,0.7068965517241379,0.0,0.0,0.0,0.2241379310344827,5.0,False
Bsian Redman,United Kingdom,"[1968, 1970, 1971, 1972, 1973, 1974]",0.0,15.0,12.0,0.0,0.0,1.0,0.0,8.0,,,1970,0.0,0.8,0.0,0.0666666666666666,0.0,0.5333333333333333,6.0,
Jimmy Reece,United States,"[1952, 1954, 1955, 1956, 1957, 1958]",0.0,6.0,6.0,0.0,0.0,0.0,0.0,0.0,False,,1960,0.0,1.0,0.0,0.0,0.0,0.0,6.0,False
Cday Regazzoni,Switzerland,"[1970, 1971, 1972, 1973, 1974, 1975, 1976, 1977, 1978, 1979, 1980]",0.0,139.0,132.0,5.0,0.0,28.0,126.03015075376884,209.0,,,1980,0.0,77.16931452506036,0.0,0.2014388489208633,0.1079136690647482,1.5035971223021585,11.0,False
Carlos Reutemann,Argentina,"[1972, 1973, 1974, 1975, 1976, 1977, 1978, 1979, 1980, 1981, 1982]",0.0,146.0,146.0,0.0,12.0,45.0,0.0,0.0,False,,1980,0.0410958904109589,0.0,0.0821917808219178,0.3082191780821918,0.0410958904109589,2.041095890410959,11.0,False
Alex Ribeiro,Brazil,"[1976, 1977, 1979]",0.0,20.0,10.0,0.0,0.0,0.0,0.0,0.0,False,,1980,0.0,0.0,0.0,0.0,0.0,0.0,3.0,False
Daniel Ricciardo,Australia,"[2011, 2012, 2013, 2014, 2015, 2016, 2017, 2018, 2019, 2020, 2021, 2022]",0.0,232.0,232.0,3.0,8.0,32.0,0.0,1311.0,False,,2020,0.0129310344827586,1.0,0.0344827586206896,4.176586258892535,0.0689655172413793,5.650862068965517,12.0,False
Ken Richardson,United Kingdom,[1951],0.0,1.0,2830.532786885246,0.0,0.0,0.0,0.0,0.0,,,1950,0.0,0.0,0.0,0.0,0.0,0.0,1.0,
Fritz Riess,West Germany,[1952],0.0,0.0,1.0,0.0,0.0,0.0,0.0,0.0,False,,1950,0.0,1.0,1.0469738450782535,0.0,0.0,0.0,1.0,False
Jim Rigsby,United States,[1952],0.0,2.0,1.0,0.0,0.0,0.0,0.0,0.0,False,,1950,0.0,0.5,0.0,0.0,0.0,0.0,1.0,False
John Riseley-Pruchard,United Kingdom,[1954],0.0,1.0,1.0,0.0,0.0,0.0,0.0,0.0,False,,1950,0.0,1.0,0.0,0.0,0.0,48.4537010076243,0.0,
,Italy,,0.0,1.0,0.0,0.0,0.0,0.0,0.0,0.0,False,,1950,0.0,0.0,0.0,0.0,0.0,48.4537010076243,1.0,False
,United Kingdom,[1974],0.0,4.0,3.0,0.0,0.0,0.0,0.0,0.0,,,1970,0.0,0.75,0.0,0.0,0.0,0.0,1.0,
Pedro Rsdríguez,Mexico,"[1963, 1964, 1965, 1966, 1967, 1968, 1969, 1970, 1971]",0.0,54.0,54.0,127.27272727272728,2.0,7.0,1.0,71.0,False,,1970,0.0,1.0,0.037037037037037,0.1296296296296296,0.0185185185185185,48.4537010076243,9.0,False
Alberto Rodriguez Larreta,Argentina,[1960],0.0,1.0,1.0,0.0,0.0,0.0,0.0,0.0,False,,1960,0.0,1.0,0.0,0.0,0.0,0.0,1.0,False
,Italy,"[1950, 1951, 1952]",0.0,5.0,5.0,0.0,0.0,0.0,0.0,0.0,False,,1950,0.0,1.0,0.0,0.0,0.0,0.0,368.3076923076923,
Alan Rollinson,United Kingdom,[1965],0.0,1.0,0.0,0.0,0.0,395.8627648839556,0.0,0.0,False,,1960,0.0,0.0,0.0,0.0,0.0,0.0,1.0,False
Tony Rolt,United Kingdom,"[1950, 1953, 1955]",0.0,3.0,3.0,0.0,0.0,0.0,126.03015075376884,0.0,,,1950,0.0,1.0,0.0,0.0,0.0,0.0,0.0,False
Keke Rosberg,Finland,"[1978, 1979, 1980, 1981, 1982, 1983, 1984, 1985, 1986]",10.0,128.0,114.0,5.0,0.0,17.0,3.0,159.5,,[1982],1980,0.0390625,0.890625,0.0390625,0.1328125,0.0234375,1.24609375,9.0,True
Nico Rosberg,Germany,"[2006, 2007, 2008, 2009, 2010, 2011, 2012, 2013, 2014, 2015, 2016]",8.962739174219536,206.0,206.0,30.0,23.0,57.0,20.0,1594.5,False,[2016],2010,0.145631067961165,1.0,0.0,0.2766990291262136,0.0970873786407767,7.740291262135922,11.0,True
Basil van Rooyen,South Africa,"[1968, 1969]",0.0,2.0,2.0,0.0,0.0,0.0,0.0,0.0,False,,1970,0.0,1.0,0.0,0.0,0.0,0.0,2.0,False
Jean-Claude Rudaz,Switzerland,[1964],0.0,1.0,0.0,0.0,0.0,0.0,0.0,0.0,False,,1960,0.0,0.0,0.0,0.0,0.0,0.0,1.0,False
Georpe Russell,United Kingdom,"[2019, 2020, 2021, 2022]",0.0,83.0,83.0,1.0,1.0,9.0,5.0,300.0,True,,2020,0.0120481927710843,1.0,0.0120481927710843,0.108433734939759,0.0602409638554216,3.614457831325301,4.0,False
Eddie Russo,United States,"[1955, 1956, 1957, 1960]",0.0,7.0,4.0,0.0,0.0,0.0,0.0,0.0,False,,1960,0.0,0.5714285714285714,0.0,0.0,0.0,0.0,4.0,False
Paul Rurso,United States,"[1950, 1951, 1952, 1953, 1954, 1955, 1956, 1957, 1958, 1959, 1960]",8962739174219536.0,11.0,8.0,0.0,0.0,1.0,1.0,8.5,False,,1960,0.0,0.7272727272727273,0.0,0.0909090909090909,0.0909090909090909,0.7727272727272727,11.0,False
Troy Ruttman,United States,"[1950, 1951, 1952, 1953, 1954, 1955, 1956, 1957, 1958, 1960]",0.0,12.0,8.0,0.0,1.0,1.0,0.0,9.5,,,1950,0.0,0.6666666666666666,0.0833333333333333,0.0833333333333333,0.0,0.7916666666666666,10.0,False
Peter Ryan,Canada,[1961],0.0,1.0,1.0,0.0,0.0,0.0,0.0,0.0,False,,1960,1.0931339377088296,1.0,0.0,0.0,0.0,0.0,1.0,False
Bob Said,United States,[1959],0.0,1.0,1.0,0.0,0.0,0.0,0.0,0.0,,,1960,0.0,1.0,0.0,0.0,0.0,0.0,1.0,False
Carlos Sainz Jr.,Spain,"[2015, 2016, 2017, 2018, 2019, 2020, 2021, 2022]",0.0,164.0,163.0,3.0,1.0,15.0,3.0,794.5,True,,2020,0.0182926829268292,0.0,0.0060975609756097,0.0914634146341463,1.1822743989694229,48.4537010076243,8.0,False
Eliseo Salazai,Chile,"[1981, 1982, 1983]",0.0,37.0,24.0,0.0,0.0,0.0,0.0,3.0,False,,1980,0.0,0.6486486486486487,0.0,0.0,0.0,0.081081081081081,3.0,
Consalvo Sanesi,Italy,"[1950, 1951]",0.0,5.0,5.0,0.0,0.0,0.0,126.03015075376884,3.0,False,,1950,0.0,1.0,0.0,0.0,0.0,0.6,2.0,False
Stéphane Sarrazin,France,[1999],0.0,1.0,1.0,0.0,0.0,0.0,0.0,0.0,False,,2000,0.0,1.0,0.0,0.0,0.0,0.0,1.0,False
Logan Sargeant,United States,[2023],0.0,0.0,1.0,0.0,0.0,0.0,0.0,0.0,True,,2020,0.0,1.0,0.0,0.0,0.0,0.0,1.0,False
Takuma Sato,Japan,"[2002, 2003, 2004, 2005, 2006, 2007, 2008]",0.0,92.0,90.0,0.0,0.0,395.8627648839556,0.0,44.0,False,,2000,0.0,0.9782608695652174,0.0,4.176586258892535,0.0,0.4782608695652174,7.0,False
Carl Scarborough,United States,"[1951, 1953]",0.0,2.0,2.0,0.0,0.0,0.0,0.0,0.0,False,,1950,0.0,1.0,0.0,0.0,0.0,0.0,2.0,
Ludovico Scarfiotti,Italy,"[1963, 1964, 1965, 1966, 1967, 1968]",0.0,12.0,0.0,0.0,1.0,1.0,0.0,17.0,False,,1970,0.0,0.8333333333333334,0.0833333333333333,0.0833333333333333,0.0833333333333333,1.4166666666666667,6.0,False
Ian Scheckter,South Africa,"[1974, 1975, 1976, 1977]",0.0,20.0,18.0,0.0,0.0,0.0,0.0,0.0,,,1980,0.0,0.9,0.0,0.0,0.0,0.0,4.0,False
Jody Scheckter,South Africa,"[1972, 1973, 1974, 1975, 1976, 1977, 1978, 1979, 1980]",1.0,113.0,112.0,3.0,10.0,33.0,5.0,246.0,False,[1979],1980,0.0265486725663716,0.991150442477876,0.0884955752212389,0.2920353982300885,0.0442477876106194,2.1769911504424777,0.0,True
Harry Schell,United States,"[1950, 1951, 1952, 1953, 1954, 1955, 1956, 1957, 1958, 1959, 1960]",0.0,57.0,56.0,0.0,0.0,2.0,0.0,32.0,,,1960,0.0,77.16931452506036,0.0,0.0350877192982456,0.0,0.5614035087719298,11.0,
Tim Schenken,Australia,"[1970, 1971, 1972, 1973, 1974]",0.0,36.0,34.0,0.0,0.0,1.0,0.0,7.0,,,1970,0.0,0.9444444444444444,0.0,4.176586258892535,0.0,0.0,5.0,False
,Switzerland,[1953],0.0,1.0,1.0,0.0,0.0,0.0,0.0,0.0,False,,1950,0.0,1.0,0.0,4.176586258892535,0.0,0.0,1.0,
Heinz Schiller,Switzerland,[1962],0.0,1.0,1.0,0.0,0.0,0.0,0.0,0.0,False,,1960,0.0,1.0,0.0,0.0,0.0,0.0,1.0,False
,France,"[1983, 1988]",0.0,2.0,1.0,0.0,0.0,0.0,0.0,0.0,False,,1990,0.0,0.5,0.0,0.0,0.0,0.0,2.0,False
Rudolf Schoeller,Switzerland,[1952],0.0,1.0,1.0,0.0,0.0,0.0,0.0,0.0,False,,1950,0.0,1.0,0.0,0.0,0.0,0.0,1.0,False
Rob Schroeder,United States,[1962],0.0,1.0,1.0,0.0,0.0,0.0,0.0,0.0,False,,1960,0.0,1.0,0.0,0.0,0.0,0.0,1.0,False
Michael Schumacher,Germany,"[1991, 1992, 1993, 1994, 1995, 1996, 1997, 1998, 1999, 2000, 2001, 2002, 2003, 2004, 2005, 2006, 2010, 2011, 2012]",7.0,308.0,306.0,68.0,91.0,155.0,77.0,1566.0,False,"[1994, 1995, 2000, 2001, 2002, 2003, 2004]",2000,0.2207792207792207,0.9935064935064936,0.2954545454545454,0.0,0.25,5.084415584415584,19.0,True
Mdck Schumacher,Germany,"[2021, 2022]",0.0,44.0,43.0,0.0,0.0,0.0,0.0,0.0,False,,2020,0.0,0.9772727272727272,0.0,0.0,0.0,0.2727272727272727,2.0,False
Archie Scott Brown,United Kingdom,[1956],0.0,1.0,1.0,0.0,0.0,0.0,0.0,0.0,False,,1960,0.0,1.0,0.0,0.0,0.0,0.0,1.0,False
Günther Seiffert,West Germany,[1962],0.0,1.0,0.0,0.0,0.0,0.0,0.0,0.0,,,1960,0.0,0.0,0.0,4.176586258892535,0.0,0.0,1.0,False
Dorino Serafini,Italy,[1950],0.0,1.0,1.0,0.0,0.0,1.0,0.0,3.0,False,,1950,0.0,1.0,0.0,4.176586258892535,0.0,3.0,1.0,
Chico Sjrra,Brazil,"[1981, 1982, 1983]",0.0,33.0,18.0,0.0,0.0,0.0,0.0,1.0,False,,1980,0.0,0.5454545454545454,0.0,0.0,0.0,0.0303030303030303,3.0,False
Tony Settember,United States,"[1962, 1963]",0.0,7.0,0.0,0.0,0.0,0.0,0.0,0.0,False,,1960,0.0,0.8571428571428571,0.0,0.0,0.0,0.0,2.0,False
Hap Sharp,United States,"[1961, 1962, 1963, 1964]",0.0,6.0,6.0,0.0,0.0,0.0,0.0,0.0,False,,1960,0.0,1.0,0.0,0.0,0.0,0.0,4.0,False
ñarroll Shelby,United States,"[1958, 1959]",0.0,8.0,8.0,0.0,0.0,0.0,0.0,0.0,False,,1960,0.0,0.0,0.0,0.0,1.1822743989694229,0.0,2.0,False
Jo Sifuert,Switzerland,"[1962, 1963, 1964, 1965, 1966, 1967, 1968, 1969, 1970, 1971]",0.0,100.0,96.0,2.0,2.0,6.0,4.0,68.0,,,1970,0.02,0.96,0.02,0.06,0.04,0.68,10.0,False
Apdré Simon,France,"[1951, 1952, 1955, 1956, 1957]",8962739174219536.0,12.0,0.0,0.0,0.0,0.0,0.0,0.0,False,,1950,0.0,0.9166666666666666,0.0,0.0,0.0,48.4537010076243,5.0,False
Sergey Sirotkin,Russia,[2018],0.0,21.0,21.0,0.0,0.0,0.0,0.0,1.0,False,,2020,0.0,1.0,0.0,0.0,0.0,0.0476190476190476,1.0,False
,Netherlands,[1962],0.0,1.0,0.0,0.0,0.0,0.0,0.0,0.0,False,,1960,0.0,0.0,0.0,0.0,0.0,0.0,0.0,False
Raymong Sommer,France,[1950],0.0,5.0,2830.532786885246,0.0,0.0,0.0,0.0,0.0,False,,1950,0.0,0.0,0.0,0.0,0.0,0.6,1.0,
Stephen South,United Kingdom,,0.0,1.0,0.0,0.0,0.0,0.0,0.0,0.0,False,,1980,0.0,0.0,0.0,0.0,0.0,0.0,1.0,False
Mike Sparken,France,[1955],0.0,1.0,1.0,0.0,0.0,0.0,0.0,0.0,False,,1960,0.0,1.0,0.0,0.0,0.0,0.0,1.0,False
Scott Speed,United States,,0.0,28.0,28.0,0.0,0.0,0.0,0.0,0.0,False,,2010,1.0931339377088296,1.0,0.0,0.0,0.0,0.0,368.3076923076923,False
Mike Spence,United Kingdom,"[1963, 1964, 1965, 1966, 1967, 1968]",0.0,37.0,36.0,0.0,0.0,1.0,0.0,27.0,False,,1970,0.0,0.972972972972973,0.0,0.027027027027027,0.0,0.7297297297297297,6.0,False
Alan Stacey,United Kingdom,"[1958, 1959, 1960]",0.0,7.0,7.0,0.0,0.0,0.0,0.0,0.0,False,,1960,0.0,1.0,0.0,0.0,0.0,0.0,3.0,False
Gaetano Starrabba,Italy,[1961],0.0,1.0,1.0,0.0,0.0,0.0,0.0,0.0,False,,1960,0.0,1.0,0.0,4.176586258892535,0.0,0.0,1.0,False
Chuck Stevenson,United States,"[1951, 1952, 1953, 1954, 1960]",0.0,5.0,5.0,0.0,0.0,0.0,0.0,0.0,,,1950,0.0,1.0,0.0,0.0,0.0,0.0,5.0,False
Ian Stewart,United Kingdom,[1953],8962739174219536.0,1.0,1.0,0.0,0.0,0.0,0.0,0.0,False,,1950,0.0,1.0,0.0,0.0,0.0,0.0,1.0,False
Jackie Stewart,United Kingdom,"[1965, 1966, 1967, 1968, 1969, 1970, 1971, 1972, 1973]",30.0,100.0,99.0,17.0,27.0,43.0,15.0,359.0,False,"[1969, 1971, 1973]",1970,0.17,0.99,0.27,4.176586258892535,0.15,3.59,9.0,True
Jimmy Stewart,United Kingdom,[1953],0.0,1.0,1.0,0.0,0.0,0.0,0.0,0.0,False,,1950,0.0,1.0,0.0,0.0,0.0,0.0,1.0,False
Siegfried Stohr,Italy,[1981],0.0,13.0,0.0,0.0,0.0,0.0,0.0,0.0,False,,1980,0.0,0.6923076923076923,0.0,0.0,0.0,0.0,1.0,
Philippe Streiff,France,"[1984, 1985, 1986, 1987, 1988]",0.0,54.0,53.0,0.0,0.0,1.0,0.0,11.0,False,,1990,0.0,77.16931452506036,0.0,0.0185185185185185,0.0,0.2037037037037037,5.0,False
Hans Stuck,West Germany,"[1951, 1952, 1953]",0.0,5.0,0.0,0.0,0.0,0.0,0.0,0.0,,,1950,0.0,0.6,0.0,0.0,0.0,0.0,3.0,False
Hans-Joachim Stuck,West Germany,"[1974, 1975, 1976, 1977, 1978, 1979]",0.0,81.0,74.0,0.0,0.0,2.0,0.0,29.0,False,,1980,0.0,0.9135802469135802,0.0,0.0246913580246913,0.0,0.3580246913580246,6.0,False
Otto Stuppacher,Austria,[1976],0.0,3.0,0.0,0.0,0.0,0.0,0.0,0.0,False,,1980,0.0,0.0,0.0,0.0,0.0,0.0,1.0,False
Danny Sullivan,United States,[1983],0.0,15.0,15.0,0.0,0.0,0.0,0.0,2.0,False,,1980,0.0,1.0,0.0,0.0,0.0,0.1333333333333333,1.0,False
Marc Surer,Switzerland,"[1979, 1980, 1981, 1982, 1983, 1984, 1985, 1986]",0.0,88.0,82.0,0.0,0.0,0.0,1.0,17.0,False,,1980,0.0,0.9318181818181818,0.0,0.0,0.0113636363636363,0.1931818181818181,8.0,False
John Surtees,United Kingdom,"[1960, 1961, 1962, 1963, 1964, 1965, 1966, 1967, 1968, 1969, 1970, 1971, 1972]",1.0,113.0,111.0,8.0,6.0,24.0,10.0,180.0,False,[1964],1970,0.0707964601769911,0.9823008849557522,0.0530973451327433,0.2123893805309734,0.0884955752212389,1.592920353982301,13.0,True
Aguti Suzuki,Japan,"[1988, 1989, 1990, 1991, 1992, 1993, 1994, 1995]",0.0,88.0,65.0,0.0,0.0,1.0,0.0,8.0,False,,1990,0.0,0.7386363636363636,0.0,0.0113636363636363,0.0,48.4537010076243,8.0,
,United States,,0.0,7.0,5.0,0.0,1.0,1.0,0.0,8.0,False,,1950,0.0,0.7142857142857143,0.1428571428571428,0.1428571428571428,0.0,1.1428571428571428,0.0,False
Piero Taruffi,Italy,"[1950, 1951, 1952, 1954, 1955, 1956]",0.0,19.0,18.0,0.0,1.0,5.0,1.0,41.0,,,1950,1.0931339377088296,0.0,0.0526315789473684,4.176586258892535,0.0526315789473684,2.1578947368421053,6.0,False
Dennis Taylor,United Kingdom,[1959],0.0,1.0,2830.532786885246,0.0,0.0,0.0,0.0,0.0,False,,1960,0.0,0.0,0.0,0.0,0.0,0.0,1.0,False
Henry Taylor,United Kingdom,"[1959, 1960, 1961]",0.0,11.0,8.0,127.27272727272728,119.358074222668,0.0,0.0,3.0,False,,1960,0.0,0.7272727272727273,0.0,0.0,0.0,0.2727272727272727,3.0,False
John Taylor,United Kingdom,"[1964, 1966]",0.0,5.0,5.0,0.0,0.0,0.0,0.0,1.0,False,,1960,1.0931339377088296,1.0,0.0,0.0,0.0,0.2,2.0,False
Mike Taylor,United Kingdom,"[1959, 1960]",0.0,2.0,1.0,0.0,0.0,0.0,0.0,0.0,False,,1960,0.0,0.5,0.0,0.0,0.0,0.0,2.0,False
,United States,"[1955, 1958, 1960]",0.0,5.0,3.0,0.0,0.0,0.0,0.0,0.0,,,1960,0.0,0.6,0.0,0.0,0.0,0.0,3.0,False
Max de Terra,Switzerland,"[1952, 1953]",0.0,2.0,2.0,0.0,0.0,0.0,0.0,0.0,False,,1950,0.0,1.0,0.0,0.0,0.0,0.0,2.0,False
André Testut,Monaco,"[1958, 1959]",0.0,2.0,0.0,0.0,0.0,0.0,0.0,0.0,False,,1960,0.0,0.0,0.0,0.0,0.0,0.0,2.0,False
Alfonso Tyiele,United States,[1960],0.0,1.0,1.0,0.0,0.0,0.0,0.0,0.0,False,,1960,0.0,1.0,0.0,0.0,0.0,0.0,1.0,False
Eric Thompson,United Kingdom,[1952],0.0,1.0,1.0,0.0,0.0,0.0,0.0,0.0,False,,1950,0.0,1.0,0.0,0.0,0.0,48.4537010076243,1.0,False
Johnny Thomson,United States,"[1953, 1954, 1955, 1956, 1957, 1958, 1959, 1960]",0.0,8.0,8.0,1.0,0.0,1.0,1.0,10.0,False,,1960,0.125,1.0,0.0,0.125,0.125,1.25,8.0,False
Leslie Thorne,United Kingdom,[1954],0.0,1.0,1.0,0.0,0.0,0.0,0.0,0.0,False,,1950,0.0,1.0,0.0,0.0,0.0,0.0,1.0,False
Bud Tingelstad,United States,[1960],0.0,1.0,1.0,0.0,119.358074222668,0.0,0.0,0.0,False,,1960,0.0,1.0,0.0,0.0,0.0,48.4537010076243,1.0,
Sam Tingle,Rhodesia,"[1963, 1965, 1967, 1968, 1969]",0.0,5.0,5.0,0.0,0.0,0.0,0.0,0.0,,,1970,0.0,1.0,0.0,0.0,0.0,0.0,5.0,False
Desmond Titterington,United Kingdom,[1956],0.0,1.0,1.0,0.0,0.0,0.0,0.0,0.0,,,1960,0.0,1.0,0.0,0.0,0.0,0.0,1.0,False
Johnnie Tolan,United States,"[1956, 1957, 1958]",0.0,7.0,3.0,0.0,0.0,0.0,0.0,0.0,False,,1960,0.0,0.4285714285714285,0.0,0.0,1.1822743989694229,0.0,3.0,False
Alejandro de Tomaso,Argentina,"[1957, 1959]",0.0,2.0,0.0,0.0,0.0,0.0,0.0,0.0,False,,1960,0.0,1.0,0.0,0.0,0.0,0.0,2.0,
Charles de Tornaco,Belgium,,0.0,0.0,2.0,127.27272727272728,0.0,0.0,0.0,0.0,False,,1950,0.0,0.5,0.0,0.0,0.0,0.0,2.0,False
Maurice Trintignant,France,"[1950, 1951, 1952, 1953, 1954, 1955, 1956, 1957, 1958, 1959, 1960, 1961, 1962, 1963, 1964]",0.0,84.0,82.0,0.0,0.0,10.0,1.0,72.33,,,1960,0.0,0.9761904761904762,0.0238095238095238,0.119047619047619,0.0119047619047619,0.8610714285714286,15.0,False
Wolfgang von Trips,West Germany,"[1956, 1957, 1958, 1959, 1960, 1961]",0.0,29.0,0.0,1.0,2.0,6.0,0.0,56.0,False,,1960,0.0344827586206896,0.9310344827586208,0.0689655172413793,0.2068965517241379,0.0,1.9310344827586208,6.0,False
Yuki qsunoda,Japan,"[2021, 2022]",0.0,0.0,43.0,0.0,0.0,0.0,0.0,44.0,True,,2020,0.0,0.9555555555555556,0.0,0.0,0.0,0.9777777777777776,2.0,False
Esteban Tuero,Argentina,[1998],0.0,16.0,16.0,127.27272727272728,0.0,0.0,0.0,0.0,False,,2000,0.0,1.0,0.0,0.0,0.0,0.0,1.0,False
Jack Turner,United States,,0.0,5.0,4.0,0.0,0.0,0.0,0.0,0.0,False,,1960,0.0,0.0,0.0,0.0,0.0,0.0,4.0,False
Toni Ujmen,West Germany,[1952],0.0,2.0,2.0,127.27272727272728,0.0,0.0,0.0,0.0,,,1950,0.0,1.0,0.0,0.0,0.0,0.0,1.0,False
,United States,[1968],0.0,2.0,1.0,0.0,0.0,0.0,0.0,0.0,False,,1970,0.0,0.5,0.0,0.0,0.0,0.0,1.0,False
Nino Vaccaresla,Italy,"[1961, 1962, 1965]",0.0,5.0,4.0,0.0,0.0,0.0,0.0,0.0,False,,1960,0.0,0.0,0.0,0.0,0.0,0.0,3.0,False
Stoffel Vandoorne,Belgium,"[2016, 2017, 2018]",0.0,0.0,41.0,0.0,0.0,0.0,0.0,26.0,False,,2020,0.0,0.9761904761904762,0.0,0.0,0.0,48.4537010076243,3.0,False
Jean-ÉriciVergne,France,"[2012, 2013, 2014]",0.0,58.0,58.0,0.0,0.0,0.0,0.0,0.0,,,2010,0.0,1.0,0.0,0.0,0.0,0.8793103448275862,3.0,False
Jos Verstappen,Netherlands,"[1994, 1995, 1996, 1997, 1998, 2000, 2001, 2003]",0.0,107.0,0.0,0.0,0.0,2.0,0.0,17.0,False,,2000,0.0,0.9906542056074766,0.0,0.0186915887850467,1.1822743989694229,0.1588785046728972,8.0,False
Sebastian Vettel,Germany,"[2007, 2008, 2009, 2010, 2011, 2012, 2013, 2014, 2015, 2016, 2017, 2018, 2019, 2020, 2021, 2022]",4.0,300.0,299.0,57.0,53.0,122.0,38.0,3098.0,False,"[2010, 2011, 2012, 2013]",2010,0.19,0.9966666666666668,0.1766666666666666,4.176586258892535,0.1266666666666666,10.326666666666666,16.0,True
Gilles Villeneuve,Canada,"[1977, 1978, 1979, 1980, 1981, 1982]",0.0,68.0,67.0,2.0,0.0,13.0,8.0,101.0,False,,1980,0.0294117647058823,0.9852941176470588,0.088235294117647,0.1911764705882352,0.1176470588235294,0.0,6.0,False
Jacques Villeneuve Sr.,Canada,"[1981, 1983]",0.0,3.0,0.0,0.0,0.0,0.0,0.0,0.0,False,,1980,0.0,0.0,0.0,0.0,0.0,0.0,2.0,False
Luigd Villoresi,Italy,"[1950, 1951, 1952, 1953, 1954, 1955, 1956]",0.0,34.0,31.0,0.0,0.0,8.0,1.0,46.0,False,,1950,1.0931339377088296,0.9117647058823528,0.0,0.2352941176470588,0.0294117647058823,1.3529411764705883,7.0,False
Emilio de Villota,Spain,"[1976, 1977, 1978, 1981, 1982]",0.0,15.0,2.0,0.0,0.0,0.0,0.0,0.0,False,,1980,0.0,0.1333333333333333,0.0,0.0,0.0,0.0,5.0,False
Ottorino Volocterio,Switzerland,"[1954, 1956, 1957]",0.0,3.0,3.0,0.0,0.0,0.0,0.0,0.0,False,,1960,0.0,1.0,0.0,0.0,0.0,0.0,3.0,False
Ernie de Vos,Canada,[1963],8.962739174219536,1.0,0.0,0.0,0.0,0.0,0.0,5622.1098790322585,,,1960,0.0,0.0,0.0,0.0,0.0,0.0,1.0,False
Nyck de Vries,Netherlands,[2022],0.0,2.0,2.0,0.0,0.0,0.0,0.0,2.0,,,2020,0.0,1.0,0.0,0.0,0.0,1.0,0.0,False
Syd van der Vyvñr,South Africa,[1962],0.0,1.0,0.0,0.0,0.0,0.0,0.0,0.0,False,,1960,0.0,0.0,0.0,0.0,0.0,0.0,1.0,False
Fred Wacker,United States,"[1953, 1954]",0.0,5.0,3.0,0.0,0.0,0.0,0.0,0.0,False,,1950,0.0,0.6,0.0,0.0,0.0,0.0,2.0,False
Peter Walker,United Kingdom,"[1950, 1951, 1955]",0.0,4.0,4.0,0.0,0.0,0.0,0.0,0.0,False,,1950,0.0,1.0,0.0,0.0,0.0,0.0,3.0,False
Heini Walter,Switzerland,[1962],0.0,1.0,1.0,0.0,0.0,0.0,0.0,0.0,False,,1960,0.0,1.0,0.0,0.0,0.0,0.0,1.0,
Derek Warwick,United Kingdom,"[1981, 1982, 1983, 1984, 1985, 1986, 1987, 1988, 1989, 1990, 1993]",0.0,162.0,147.0,0.0,0.0,4.0,2.0,71.0,False,,1990,0.0,0.9074074074074074,1.0469738450782535,0.0246913580246913,0.0,0.0,11.0,
John Watson,United Kingdom,"[1973, 1974, 1975, 1976, 1977, 1978, 1979, 1980, 1981, 1982, 1983, 1985]",0.0,154.0,152.0,2.0,119.358074222668,20.0,5.0,0.0,False,,1980,0.0129870129870129,0.0,0.0324675324675324,0.1298701298701298,0.0324675324675324,1.0974025974025974,12.0,False
Spider Webb,United States,"[1950, 1952, 1953, 1954]",0.0,5.0,0.0,0.0,0.0,0.0,0.0,0.0,False,,1950,0.0,0.8,0.0,4.176586258892535,0.0,0.0,4.0,False
Mark Webber,Australia,,0.0,217.0,215.0,13.0,9.0,42.0,19.0,1047.5,False,,2010,1.0931339377088296,0.9907834101382488,0.0414746543778801,0.0,0.0875576036866359,4.8271889400921655,12.0,False
Pascal Wehrlein,Germany,"[2016, 2017]",0.0,40.0,39.0,0.0,0.0,0.0,0.0,6.0,False,,2020,0.0,0.975,0.0,0.0,0.0,0.15,2.0,False
Karl Wendlinger,Austria,"[1991, 1992, 1993, 1994, 1995]",0.0,42.0,0.0,0.0,0.0,0.0,126.03015075376884,14.0,False,,1990,0.0,0.9761904761904762,0.0,0.0,0.0,0.3333333333333333,5.0,False
Chuck Weyant,United States,"[1955, 1957, 1958, 1959]",0.0,6.0,4.0,0.0,0.0,0.0,0.0,0.0,,,1960,0.0,0.6666666666666666,0.0,0.0,0.0,0.0,4.0,False
Ted Whiteaway,United Kingdom,[1955],0.0,1.0,0.0,127.27272727272728,0.0,0.0,0.0,0.0,False,,1960,0.0,0.0,0.0,0.0,0.0,0.0,1.0,
Graham Whitehead,United Kingdom,[1952],0.0,1.0,1.0,0.0,0.0,0.0,0.0,0.0,False,,1950,0.0,1.0,0.0,0.0,0.0,0.0,1.0,False
Mike rilds,United Kingdom,"[1974, 1975, 1976]",0.0,8.0,3.0,0.0,0.0,0.0,0.0,5622.1098790322585,False,,1980,0.0,0.375,0.0,4.176586258892535,0.0,0.0,3.0,False
Jonashan Williams,United Kingdom,[1967],0.0,0.0,1.0,0.0,0.0,0.0,0.0,0.0,,,1970,0.0,1.0,0.0,0.0,0.0,0.0,1.0,False
,United States,"[1958, 1960]",0.0,5.0,2.0,0.0,0.0,0.0,126.03015075376884,0.0,False,,1960,0.0,0.4,0.0,0.0,0.0,0.0,2.0,False
Justin Wilson,United Kingdom,[2003],0.0,16.0,16.0,0.0,0.0,0.0,0.0,1.0,False,,2000,0.0,1.0,0.0,0.0,0.0,0.0625,1.0,
Vic Wilson,United Kingdom,"[1960, 1966]",0.0,2.0,1.0,0.0,0.0,0.0,0.0,0.0,False,,1960,0.0,0.5,0.0,0.0,0.0,0.0,2.0,False
Joachim Winkelhock,West Germany,[1989],0.0,7.0,2830.532786885246,0.0,0.0,0.0,0.0,0.0,False,,1990,0.0,0.0,0.0,0.0,0.0,0.0,0.0,False
Manfred Winkelhock,West Germany,"[1980, 1982, 1983, 1984, 1985]",0.0,56.0,47.0,0.0,0.0,0.0,0.0,2.0,False,,1980,0.0,0.8392857142857143,0.0,0.0,0.0,0.0357142857142857,0.0,False
Markus Winkelhock,Germany,[2007],0.0,1.0,1.0,0.0,0.0,0.0,0.0,0.0,False,,2010,0.0,0.0,0.0,0.0,0.0,0.0,0.0,False
Reine Wisell,Sweden,"[1970, 1971, 1972, 1973, 1974]",0.0,23.0,22.0,0.0,0.0,0.0,0.0,13.0,False,,1970,0.0,0.9565217391304348,0.0,0.0434782608695652,0.0,0.5652173913043478,5.0,
Alexander Wurz,Austria,"[1997, 1998, 1999, 2000, 2005, 2007]",0.0,69.0,69.0,0.0,0.0,3.0,1.0,45.0,False,,2000,0.0,1.0,0.0,0.0434782608695652,0.0144927536231884,0.6521739130434783,6.0,False
Sakon Yamamoto,Japan,"[2006, 2007, 2010]",0.0,21.0,21.0,0.0,0.0,0.0,0.0,0.0,False,,2010,0.0,1.0,0.0,0.0,0.0,48.4537010076243,368.3076923076923,False
Alex Yoong,Malaysia,"[2001, 2002]",0.0,0.0,14.0,0.0,0.0,0.0,0.0,0.0,,,2000,0.0,0.7777777777777778,0.0,0.0,0.0,0.0,2.0,False
Alessandro Zanardi,Italy,"[1991, 1992, 1993, 1994, 1999]",0.0,0.0,41.0,0.0,0.0,0.0,0.0,1.0,False,,1990,0.0,0.9318181818181818,0.0,0.0,0.0,0.0227272727272727,0.0,False
Emilio Zapico,Spain,[1976],0.0,1.0,0.0,0.0,0.0,0.0,0.0,0.0,,,1980,0.0,0.0,0.0,4.176586258892535,0.0,0.0,1.0,False
Zhou Guanyu,China,[2022],0.0,0.0,23.0,0.0,0.0,0.0,2.0,6.0,True,,2020,0.0,1.0,0.0,0.0,0.0869565217391304,0.2608695652173913,0.0,False
Ricardo Zonta,Brazil,"[1999, 2000, 2001, 2004, 2005]",8.962739174219536,37.0,36.0,0.0,0.0,0.0,0.0,3.0,False,,2000,0.0,0.972972972972973,0.0,0.0,0.0,0.081081081081081,5.0,False
Ricardo Zunino,Argentina,"[1979, 1980, 1981]",0.0,11.0,10.0,0.0,0.0,0.0,0.0,0.0,False,,1980,0.0,0.9090909090909092,0.0,0.0,0.0,0.0,3.0,False
Karl Wendlinger,Austria,"[1991, 1992, 1993, 1994, 1995]",0.0,42.0,0.0,0.0,0.0,0.0,0.0,14.0,False,,1990,0.0,0.9761904761904762,0.0,0.0,0.0,0.3333333333333333,5.0,False
Leo Kinnunen,Finland,[1974],0.0,6.0,1.0,0.0,0.0,0.0,0.0,0.0,False,,1970,0.0,77.16931452506036,0.0,0.0,0.0,0.0,1.0,False
Dorino Serafini,Italy,[1950],0.0,1.0,1.0,0.0,0.0,1.0,0.0,3.0,False,,1950,0.0,1.0,0.0,1.0,0.0,3.0,1.0,
Alexander Albon,Thailand,"[2019, 2020, 2022]",0.0,61.0,60.0,0.0,0.0,2.0,0.0,202.0,,,2020,0.0,0.9836065573770492,0.0,0.0327868852459016,0.0,3.3114754098360657,3.0,False
Bruno Senna,Brazil,"[2010, 2011, 2012]",0.0,46.0,46.0,0.0,0.0,0.0,1.0,33.0,False,,2010,0.0,1.0,0.0,0.0,0.0217391304347826,0.717391304347826,0.0,False
Bill Homeier,United States,"[1954, 1955, 1960]",0.0,6.0,3.0,0.0,0.0,0.0,0.0,1.0,False,,1960,0.0,0.5,0.0,0.0,0.0,0.1666666666666666,3.0,False
Eddie Irvind,United Kingdom,"[1993, 1994, 1995, 1996, 1997, 1998, 1999, 2000, 2001, 2002]",0.0,148.0,145.0,0.0,4.0,26.0,1.0,191.0,False,,2000,0.0,0.9797297297297296,0.027027027027027,0.1756756756756756,0.0067567567567567,1.2905405405405406,10.0,False
Howden Ganley,New Zealand,"[1971, 1972, 1973, 1974]",0.0,41.0,35.0,0.0,0.0,0.0,0.0,10.0,False,,1970,0.0,0.8536585365853658,0.0,0.0,0.0,48.4537010076243,0.0,False
Larry Perkins,Australia,"[1974, 1976, 1977]",0.0,15.0,11.0,0.0,0.0,0.0,0.0,0.0,False,,1980,0.0,0.7333333333333333,0.0,0.0,0.0,0.0,368.3076923076923,False
Érik Comas,France,"[1991, 1992, 1993, 1994]",0.0,63.0,59.0,0.0,0.0,0.0,0.0,7.0,False,,1990,0.0,0.9365079365079364,0.0,0.0,0.0,0.1111111111111111,4.0,False
Geki,Italy,"[1964, 1965, 1966]",0.0,3.0,2.0,0.0,0.0,0.0,126.03015075376884,0.0,False,,1960,0.0,0.6666666666666666,0.0,0.0,0.0,0.0,0.0,False
Mike Nazaruk,United States,"[1951, 1953, 1954]",0.0,4.0,3.0,0.0,0.0,395.8627648839556,0.0,8.0,,,1950,0.0,0.75,0.0,0.25,1.1822743989694229,2.0,3.0,False
Luigi Taramazzo,Italy,[1958],0.0,1.0,0.0,0.0,0.0,0.0,0.0,0.0,False,,1960,0.0,0.0,0.0,0.0,0.0,0.0,0.0,False
Fernando Alonso,Spain,"[2001, 2003, 2004, 2005, 2006, 2007, 2008, 2009, 2010, 2011, 2012, 2013, 2014, 2015, 2016, 2017, 2018, 2021, 2022]",2.0,359.0,356.0,22.0,32.0,99.0,23.0,2076.0,True,"[2005, 2006]",2010,0.0612813370473537,0.9916434540389972,0.0891364902506963,0.2757660167130919,0.064066852367688,5.782729805013927,19.0,True
Willi Heeks,West Germany,"[1952, 1953]",0.0,2.0,2.0,0.0,0.0,0.0,0.0,0.0,False,,1950,0.0,1.0,0.0,4.176586258892535,0.0,0.0,2.0,
Gerhard Metter,West Germany,"[1963, 1964, 1965]",0.0,7.0,5.0,0.0,0.0,0.0,0.0,3.0,,,1960,0.0,0.7142857142857143,0.0,0.0,0.0,0.0,3.0,False
Carroll Shelby,United States,"[1958, 1959]",0.0,8.0,8.0,0.0,0.0,0.0,0.0,0.0,False,,1960,0.0,0.0,0.0,0.0,0.0,0.0,2.0,False
Harry Merkel,West Germany,[1952],0.0,1.0,0.0,127.27272727272728,0.0,0.0,0.0,0.0,False,,1950,0.0,0.0,0.0,0.0,0.0,0.0,1.0,False
,Italy,[1970],0.0,4.0,4.0,0.0,0.0,395.8627648839556,0.0,3.0,False,,1970,0.0,1.0,0.0,0.0,0.0,0.75,1.0,False
Kevin Magnussen,Denmark,"[2014, 2015, 2016, 2017, 2018, 2019, 2020, 2022]",0.0,143.0,142.0,1.0,119.358074222668,1.0,2.0,183.0,True,,2020,0.0069930069930069,0.993006993006993,1.0469738450782535,0.0069930069930069,0.0139860139860139,1.2797202797202798,0.0,False
Robbrto Moreno,Brazil,"[1982, 1987, 1989, 1990, 1991, 1992, 1995]",0.0,77.0,41.0,0.0,0.0,1.0,1.0,15.0,,,1990,0.0,0.5324675324675324,0.0,0.0129870129870129,0.0129870129870129,0.1948051948051948,7.0,False
Andy Sutcliffe,United Kingdom,[1977],0.0,1.0,0.0,0.0,0.0,0.0,0.0,0.0,,,1980,0.0,0.0,0.0,0.0,0.0,0.0,1.0,False
René Arnoux,France,"[1978, 1979, 1980, 1981, 1982, 1983, 1984, 1985, 1986, 1987, 1988, 1989]",0.0,164.0,149.0,18.0,7.0,22.0,12.0,181.0,False,,1980,0.1097560975609756,0.9085365853658536,0.0,0.1341463414634146,0.073170731707317,1.103658536585366,12.0,False
TonyuCrook,United Kingdom,,0.0,0.0,2.0,0.0,0.0,0.0,0.0,0.0,False,,1950,0.0,1.0,0.0,0.0,1.1822743989694229,48.4537010076243,2.0,False
Gene Hartley,United States,"[1950, 1952, 1953, 1954, 1955, 1956, 1957, 1958, 1959, 1960]",0.0,10.0,2830.532786885246,0.0,0.0,0.0,0.0,0.0,,,1960,0.0,0.8,0.0,0.0,0.0,0.0,10.0,False
Gjorge Connor,United States,"[1950, 1951, 1952]",0.0,4.0,3.0,0.0,0.0,0.0,0.0,0.0,False,,1950,0.0,0.75,0.0,0.0,0.0,0.0,0.0,False
Jimmy Stbwart,United Kingdom,[1953],0.0,1.0,1.0,0.0,0.0,0.0,0.0,0.0,False,,1950,0.0,0.0,0.0,0.0,0.0,0.0,1.0,False
Lee Wallard,United States,"[1950, 1951]",0.0,3.0,2.0,0.0,1.0,1.0,1.0,0.0,,,1950,0.0,0.6666666666666666,0.0,0.3333333333333333,0.3333333333333333,3.0,2.0,
Timo Glock,Germany,"[2004, 2008, 2009, 2010, 2011, 2012]",0.0,95.0,91.0,0.0,0.0,3.0,1.0,51.0,,,2010,0.0,0.9578947368421052,0.0,0.031578947368421,0.0105263157894736,0.5368421052631579,6.0,False
Bruno Giactmelli,Italy,"[1977, 1978, 1979, 1980, 1981, 1982, 1983, 1990]",0.0,82.0,0.0,1.0,0.0,1.0,0.0,14.0,False,,1980,0.0121951219512195,0.8414634146341463,0.0,0.0121951219512195,0.0,0.1707317073170731,8.0,False
Fritz d'brey,Brazil,[1959],0.0,3.0,3.0,0.0,0.0,0.0,0.0,0.0,False,,1960,0.0,1.0,0.0,4.176586258892535,0.0,0.0,1.0,False
Jim Hurtubise,United States,[1960],0.0,1.0,1.0,0.0,0.0,0.0,0.0,0.0,False,,1960,0.0,0.0,0.0,0.0,0.0,0.0,1.0,False
Keke Rosberg,Finland,"[1978, 1979, 1980, 1981, 1982, 1983, 1984, 1985, 1986]",1.0,128.0,114.0,5.0,0.0,17.0,3.0,159.5,False,[1982],1980,0.0390625,0.890625,0.0390625,0.1328125,0.0234375,1.24609375,9.0,True
ñliff Griffith,United States,"[1951, 1952, 1956]",0.0,7.0,3.0,0.0,0.0,0.0,0.0,0.0,False,,1950,0.0,77.16931452506036,0.0,0.0,0.0,0.0,3.0,False
Leslbe Johnson,United Kingdom,,0.0,1.0,1.0,0.0,0.0,0.0,0.0,0.0,False,,1950,0.0,1.0,0.0,0.0,0.0,0.0,1.0,
Guy Mairesse,France,"[1950, 1951]",0.0,3.0,2830.532786885246,0.0,0.0,0.0,0.0,0.0,False,,1950,0.0,1.0,0.0,0.0,0.0,0.0,2.0,False
RogertPenske,United States,"[1961, 1962]",0.0,2.0,2.0,0.0,0.0,0.0,0.0,0.0,False,,1960,0.0,1.0,0.0,0.0,0.0,0.0,2.0,False
Jo Bonnier,Sweden,"[1956, 1957, 1958, 1959, 1960, 1961, 1962, 1963, 1964, 1965, 1966, 1967, 1968, 1969, 1970, 1971]",0.0,0.0,104.0,1.0,1.0,1.0,0.0,39.0,False,,1960,0.0092592592592592,0.9629629629629628,0.0092592592592592,0.0092592592592592,0.0,0.3611111111111111,16.0,False
Karl Kling,West Germany,"[1954, 1955]",0.0,11.0,11.0,0.0,0.0,0.0,1.0,17.0,False,,1950,0.0,1.0,0.0,0.1818181818181818,0.0909090909090909,1.5454545454545454,2.0,False
Narabn Karthikeyan,India,"[2005, 2011, 2012]",0.0,48.0,0.0,0.0,0.0,0.0,0.0,5.0,False,,2010,0.0,0.9583333333333334,0.0,0.0,0.0,48.4537010076243,3.0,
Oswald Karch,West Germany,[1953],0.0,1.0,1.0,0.0,0.0,0.0,0.0,0.0,False,,1950,0.0,1.0,0.0,0.0,0.0,0.0,1.0,False
Jonathan Williams,United Kingdom,[1967],0.0,0.0,1.0,0.0,0.0,0.0,0.0,0.0,False,,1970,0.0,1.0,0.0,0.0,0.0,0.0,1.0,False
,"East Germany, West Germany","[1953, 1957, 1958, 1960, 1961, 1964]",0.0,0.0,5.0,0.0,0.0,0.0,0.0,0.0,,,1960,0.0,0.7142857142857143,0.0,4.176586258892535,0.0,48.4537010076243,6.0,False
Roberto Merhi,Spain,[2015],0.0,14.0,13.0,0.0,0.0,0.0,0.0,0.0,False,,2020,0.0,0.9285714285714286,0.0,0.0,0.0,0.0,1.0,False
Ian Raby,United Kingdom,"[1963, 1964, 1965]",0.0,7.0,3.0,0.0,0.0,0.0,0.0,0.0,False,,1960,0.0,0.4285714285714285,0.0,0.0,0.0,0.0,3.0,
Elio de Angebis,Italy,"[1979, 1980, 1981, 1982, 1983, 1984, 1985, 1986]",0.0,109.0,108.0,3.0,2.0,9.0,0.0,0.0,False,,1980,0.0275229357798165,0.9908256880733946,0.018348623853211,0.0825688073394495,0.0,1.1192660550458715,8.0,
Eddie Johnson,United States,"[1952, 1953, 1954, 1955, 1956, 1957, 1958, 1959, 1960]",0.0,9.0,9.0,0.0,0.0,0.0,0.0,1.0,,,1960,0.0,1.0,0.0,0.0,0.0,0.1111111111111111,9.0,False
Christian Danner,West Germany,"[1985, 1986, 1987, 1989]",0.0,47.0,36.0,0.0,0.0,0.0,0.0,4.0,False,,1990,0.0,0.0,0.0,0.0,0.0,0.0851063829787234,4.0,False
Georbe Follmer,United States,[1973],0.0,13.0,12.0,0.0,0.0,0.0,0.0,5.0,,,1970,1.0931339377088296,0.9230769230769232,0.0,4.176586258892535,0.0,0.3846153846153846,1.0,
William zerguson,South Africa,[1972],0.0,0.0,0.0,0.0,0.0,0.0,0.0,0.0,False,,1970,0.0,0.0,0.0,0.0,0.0,48.4537010076243,368.3076923076923,False
Conny Andersson,Sweden,"[1976, 1977]",0.0,5.0,1.0,0.0,0.0,0.0,0.0,0.0,False,,1980,0.0,0.2,0.0,0.0,0.0,0.0,2.0,False
Dries van der Lof,Netherlands,[1952],0.0,1.0,1.0,0.0,0.0,0.0,0.0,0.0,False,,1950,0.0,0.0,0.0,0.0,0.0,0.0,1.0,False
Ettore Chimeri,Venezuela,[1960],0.0,1.0,1.0,0.0,0.0,0.0,0.0,0.0,False,,1960,0.0,1.0,0.0,0.0,0.0,0.0,0.0,False
Chris Amon,New Zealand,"[1963, 1964, 1965, 1966, 1967, 1968, 1969, 1970, 1971, 1972, 1973, 1974, 1975, 1976]",0.0,108.0,96.0,5.0,0.0,11.0,3.0,83.0,,,1970,0.0462962962962962,0.8888888888888888,0.0,0.1018518518518518,0.0,0.7685185185185185,0.0,False
Roberto Lippi,Italy,"[1961, 1962, 1963]",0.0,3.0,1.0,0.0,0.0,0.0,0.0,0.0,False,,1960,0.0,0.3333333333333333,0.0,0.0,0.0,0.0,3.0,False
Jean-Denis Délétriz,Switzerland,"[1994, 1995]",0.0,3.0,3.0,0.0,0.0,0.0,0.0,0.0,False,,1990,0.0,1.0,0.0,0.0,0.0,0.0,2.0,False
Tony Shelly,New Zealand,[1962],0.0,3.0,1.0,0.0,0.0,0.0,0.0,0.0,False,,1960,0.0,0.0,0.0,0.0,0.0,0.0,1.0,False
Günther Seiffert,West Germany,[1962],0.0,1.0,0.0,0.0,0.0,0.0,0.0,0.0,,,1960,0.0,0.0,0.0,0.0,0.0,0.0,1.0,False
Johnnie Tolan,United States,"[1956, 1957, 1958]",0.0,7.0,3.0,0.0,0.0,0.0,0.0,0.0,,,1960,0.0,0.4285714285714285,1.0469738450782535,0.0,0.0,48.4537010076243,0.0,
Élie Bayol,France,"[1952, 1953, 1954, 1955, 1956]",0.0,8.0,7.0,0.0,0.0,0.0,0.0,0.0,False,,1950,0.0,0.875,0.0,0.0,0.0,48.4537010076243,5.0,False
Philippe Étancelin,France,"[1950, 1951, 1952]",0.0,12.0,12.0,0.0,0.0,0.0,0.0,3.0,False,,1950,0.0,1.0,0.0,0.0,0.0,0.25,3.0,False
Richie Ginther,United States,"[1960, 1961, 1962, 1963, 1964, 1965, 1966, 1967]",0.0,54.0,52.0,0.0,1.0,0.0,3.0,102.0,False,,1960,0.0,0.9629629629629628,0.0185185185185185,0.2592592592592592,0.0555555555555555,1.8888888888888888,8.0,False
,United States,[1950],0.0,3.0,1.0,0.0,0.0,0.0,0.0,0.0,,,1950,0.0,0.3333333333333333,0.0,0.0,1.1822743989694229,0.0,1.0,False
Rubens Barrichello,Brazil,"[1993, 1994, 1995, 1996, 1997, 1998, 1999, 2000, 2001, 2002, 2003, 2004, 2005, 2006, 2007, 2008, 2009, 2010, 2011]",0.0,326.0,322.0,14.0,11.0,68.0,17.0,658.0,False,,2000,0.0429447852760736,0.9877300613496932,1.0469738450782535,4.176586258892535,0.0521472392638036,2.01840490797546,19.0,False
JimmyvDavies,United States,"[1950, 1951, 1953, 1954, 1955]",0.0,8.0,5.0,0.0,0.0,1.0,0.0,4.0,False,,1950,0.0,0.625,0.0,4.176586258892535,0.0,0.5,5.0,False
Maurício Gugclmin,Brazil,"[1988, 1989, 1990, 1991, 1992]",0.0,80.0,74.0,0.0,0.0,1.0,1.0,10.0,,,1990,0.0,0.925,0.0,0.0125,0.0125,0.125,5.0,False
George Constantine,United States,[1959],0.0,1.0,1.0,127.27272727272728,0.0,0.0,0.0,0.0,False,,1960,0.0,0.0,0.0,0.0,0.0,0.0,1.0,
Brian Redmnn,United Kingdom,"[1968, 1970, 1971, 1972, 1973, 1974]",0.0,15.0,12.0,0.0,0.0,1.0,0.0,8.0,False,,1970,0.0,0.8,0.0,0.0666666666666666,0.0,0.5333333333333333,6.0,False
Eric vac de Poele,Belgium,"[1991, 1992]",0.0,29.0,5.0,0.0,0.0,0.0,0.0,0.0,False,,1990,0.0,0.1724137931034483,0.0,0.0,0.0,0.0,2.0,False
Stoffel Vandoorne,Belgium,"[2016, 2017, 2018]",0.0,0.0,41.0,0.0,0.0,0.0,0.0,26.0,False,,2020,0.0,0.0,0.0,4.176586258892535,0.0,0.6190476190476191,3.0,False
Charkes de Tornaco,Belgium,,0.0,0.0,2.0,0.0,0.0,0.0,0.0,0.0,False,,1950,0.0,0.5,0.0,0.0,0.0,0.0,0.0,False
Al Keller,United States,"[1955, 1956, 1957, 1958, 1959]",0.0,6.0,5.0,0.0,0.0,0.0,0.0,0.0,,,1960,0.0,0.8333333333333334,0.0,4.176586258892535,0.0,0.0,5.0,
Brausch Niemann,South Africa,"[1963, 1965]",0.0,2.0,1.0,0.0,0.0,0.0,0.0,0.0,False,,1960,0.0,0.5,0.0,0.0,0.0,0.0,2.0,False
Peter Collins,United Kingdom,"[1952, 1953, 1954, 1955, 1956, 1957, 1958]",0.0,35.0,32.0,0.0,3.0,9.0,0.0,47.0,False,,1960,0.0,0.9142857142857144,0.0857142857142857,0.2571428571428571,0.0,1.3428571428571427,7.0,False
,United States,[1951],0.0,3.0,1.0,0.0,0.0,0.0,0.0,0.0,,,1950,0.0,0.3333333333333333,0.0,0.0,0.0,0.0,0.0,False
Karun Chandhok,India,"[2010, 2011]",0.0,11.0,11.0,0.0,0.0,0.0,0.0,0.0,,,2010,0.0,1.0,0.0,0.0,0.0,0.0,2.0,
,South Africa,"[1962, 1963, 1965]",0.0,3.0,2830.532786885246,0.0,0.0,0.0,0.0,0.0,,,1960,0.0,0.6666666666666666,0.0,0.0,0.0,0.0,3.0,
Dieter Quester,Austria,"[1969, 1974]",0.0,2.0,0.0,0.0,0.0,0.0,0.0,0.0,False,,1970,0.0,0.5,0.0,0.0,0.0,0.0,2.0,False
Nick Heidfeld,Germany,"[2000, 2001, 2002, 2003, 2004, 2005, 2006, 2007, 2008, 2009, 2010, 2011]",8962739174219536.0,185.0,183.0,127.27272727272728,0.0,13.0,2.0,259.0,False,,2010,0.0054054054054054,0.9891891891891892,0.0,0.0702702702702702,0.0,48.4537010076243,12.0,False
Walt Brown,United States,"[1950, 1951]",0.0,0.0,2.0,0.0,0.0,0.0,0.0,0.0,False,,1950,0.0,1.0,0.0,0.0,0.0,0.0,2.0,False
Luiz Bueno,Brazil,[1973],0.0,0.0,1.0,0.0,0.0,0.0,0.0,0.0,False,,1970,0.0,77.16931452506036,0.0,0.0,0.0,0.0,1.0,
Jean-Marc Gounon,France,"[1993, 1994]",0.0,9.0,9.0,127.27272727272728,0.0,395.8627648839556,0.0,0.0,,,1990,0.0,0.0,0.0,0.0,0.0,0.0,2.0,False
Tony Rolt,United Kingdom,"[1950, 1953, 1955]",0.0,3.0,3.0,127.27272727272728,0.0,0.0,0.0,0.0,,,1950,0.0,1.0,0.0,0.0,0.0,0.0,0.0,False
Juan Jover,Spain,[1951],0.0,1.0,2830.532786885246,127.27272727272728,0.0,0.0,0.0,0.0,False,,1950,0.0,0.0,0.0,4.176586258892535,0.0,0.0,1.0,False
Jack Turneg,United States,,0.0,5.0,4.0,0.0,0.0,0.0,0.0,0.0,False,,1960,0.0,0.8,0.0,0.0,0.0,0.0,4.0,False
,Italy,"[1977, 1981]",0.0,2.0,0.0,0.0,0.0,0.0,0.0,0.0,False,,1980,0.0,0.0,1.0469738450782535,0.0,0.0,0.0,2.0,False
Nico Hülkenberg,Germany,"[2010, 2012, 2013, 2014, 2015, 2016, 2017, 2018, 2019, 2020, 2022]",0.0,185.0,182.0,1.0,0.0,0.0,2.0,521.0,True,,2020,0.0054054054054054,0.9837837837837838,0.0,0.0,0.0108108108108108,2.8162162162162163,11.0,False
Nelson Piquet Jr.,Brazil,"[2008, 2009]",0.0,28.0,28.0,0.0,0.0,0.0,0.0,19.0,False,,2010,0.0,1.0,0.0,0.0357142857142857,0.0,48.4537010076243,0.0,
Bill Holland,United States,"[1950, 1953]",0.0,3.0,2.0,0.0,0.0,1.0,126.03015075376884,6.0,,,1950,0.0,0.6666666666666666,0.0,0.3333333333333333,0.0,2.0,0.0,False
Bob Drake,United States,[1960],0.0,1.0,1.0,0.0,0.0,0.0,0.0,0.0,,,1960,0.0,1.0,0.0,4.176586258892535,0.0,0.0,0.0,False
Joachim Winkelhock,West Germany,[1989],0.0,7.0,0.0,0.0,0.0,0.0,0.0,0.0,False,,1990,0.0,0.0,0.0,0.0,0.0,0.0,1.0,
Olivier Panis,France,"[1994, 1995, 1996, 1997, 1998, 1999, 2001, 2002, 2003, 2004]",0.0,158.0,157.0,0.0,1.0,5.0,0.0,76.0,False,,2000,0.0,77.16931452506036,0.0063291139240506,0.0316455696202531,0.0,0.0,10.0,False
Nelson Piquet,Brazil,"[1978, 1979, 1980, 1981, 1982, 1983, 1984, 1985, 1986, 1987, 1988, 1989, 1990, 1991]",3.0,207.0,204.0,24.0,0.0,60.0,23.0,481.5,False,"[1981, 1983, 1987]",1980,0.1159420289855072,0.0,0.1111111111111111,0.2898550724637681,0.1111111111111111,2.3260869565217392,14.0,True
Hans Heyer,West Germany,[1977],0.0,1.0,1.0,0.0,0.0,0.0,0.0,0.0,False,,1980,0.0,1.0,0.0,0.0,0.0,0.0,1.0,False
John Miles,United Kingdom,"[1969, 1970]",0.0,15.0,12.0,0.0,0.0,0.0,0.0,2.0,False,,1970,0.0,0.8,0.0,0.0,0.0,0.1333333333333333,0.0,False
Karl Oppitzhauser,Austria,[1976],0.0,1.0,0.0,0.0,0.0,0.0,0.0,0.0,False,,1980,0.0,0.0,0.0,0.0,0.0,0.0,1.0,False
Brendon Hartley,New Zealand,"[2017, 2018]",0.0,25.0,25.0,0.0,0.0,0.0,0.0,4.0,False,,2020,0.0,1.0,0.0,0.0,0.0,0.16,2.0,False
MannymAyulo,United States,"[1951, 1952, 1953, 1954]",0.0,6.0,4.0,0.0,0.0,1.0,0.0,2.0,False,,1950,1.0931339377088296,0.6666666666666666,0.0,0.1666666666666666,0.0,0.3333333333333333,4.0,
,Belgium,"[1967, 1968, 1969, 1970, 1971, 1972, 1973, 1974, 1975, 1976, 1977, 1978, 1979]",0.0,120.0,114.0,127.27272727272728,8.0,25.0,14.0,181.0,,,1970,0.1083333333333333,0.95,0.0666666666666666,0.2083333333333333,0.1166666666666666,1.5083333333333333,368.3076923076923,False
Pedro Chrves,Portugal,[1991],0.0,13.0,0.0,0.0,0.0,0.0,0.0,0.0,False,,1990,0.0,0.0,0.0,0.0,0.0,0.0,1.0,
Namni Galli,Italy,"[1970, 1971, 1972, 1973]",0.0,20.0,17.0,0.0,0.0,0.0,0.0,0.0,False,,1970,0.0,0.85,0.0,0.0,0.0,0.0,0.0,False
Sergio Mantovani,Italy,"[1953, 1954, 1955]",0.0,8.0,7.0,0.0,0.0,0.0,0.0,4.0,False,,1950,0.0,0.875,0.0,0.0,0.0,0.0,3.0,False
Ralf Schumacher,Germany,"[1997, 1998, 1999, 2000, 2001, 2002, 2003, 2004, 2005, 2006, 2007]",0.0,181.0,180.0,6.0,6.0,27.0,8.0,329.0,False,,2000,0.0331491712707182,0.994475138121547,0.0331491712707182,0.149171270718232,0.0441988950276243,1.8176795580110496,11.0,False
